filename,psnr,ssim
000000.npy,31.87839126586914,0.901307225227356
000001.npy,32.030548095703125,0.8780198693275452
000002.npy,32.65614318847656,0.8864313364028931
000003.npy,33.389427185058594,0.8979618549346924
000004.npy,21.41149139404297,0.6070359945297241
000005.npy,28.50124740600586,0.6806353330612183
000006.npy,28.549114227294922,0.6751606464385986
000007.npy,28.426055908203125,0.6817742586135864
000008.npy,22.187564849853516,0.7194545269012451
000009.npy,24.18515968322754,0.753545880317688
000010.npy,24.914306640625,0.755521297454834
000011.npy,24.448013305664062,0.7684282064437866
000012.npy,30.730510711669922,0.7549338340759277
000013.npy,24.904449462890625,0.9098680019378662
000014.npy,26.13058853149414,0.9305634498596191
000015.npy,24.631454467773438,0.9029271602630615
000016.npy,28.87171173095703,0.8184792995452881
000017.npy,24.53079605102539,0.8454815745353699
000018.npy,24.591175079345703,0.8433377742767334
000019.npy,24.458465576171875,0.844177782535553
000020.npy,32.11960983276367,0.8643895387649536
000021.npy,32.0423698425293,0.8967491388320923
000022.npy,31.997676849365234,0.8942458629608154
000023.npy,32.38801574707031,0.8972281217575073
000024.npy,19.81773567199707,0.590499997138977
000025.npy,22.959060668945312,0.7202925682067871
000026.npy,23.070362091064453,0.7195285558700562
000027.npy,22.85806655883789,0.7098990678787231
000028.npy,28.847553253173828,0.7313765287399292
000029.npy,25.581470489501953,0.7731631994247437
000030.npy,26.287872314453125,0.7842767238616943
000031.npy,25.813695907592773,0.7843815088272095
000032.npy,31.1904354095459,0.8988721966743469
000033.npy,24.753725051879883,0.6903455257415771
000034.npy,25.428844451904297,0.6500117182731628
000035.npy,24.751388549804688,0.6938303709030151
000036.npy,30.31563949584961,0.8016499280929565
000037.npy,26.579931259155273,0.6264773011207581
000038.npy,26.053741455078125,0.6089523434638977
000039.npy,26.62049102783203,0.6371756196022034
000040.npy,25.34172248840332,0.7828695178031921
000041.npy,26.617820739746094,0.86354660987854
000042.npy,25.518159866333008,0.8467124700546265
000043.npy,26.473464965820312,0.8607385158538818
000044.npy,19.672340393066406,0.7383815050125122
000045.npy,24.405261993408203,0.7118760943412781
000046.npy,24.262012481689453,0.7232587337493896
000047.npy,23.978979110717773,0.7023708820343018
000048.npy,30.669368743896484,0.9096376895904541
000049.npy,17.477811813354492,0.33575737476348877
000050.npy,17.407142639160156,0.334788978099823
000051.npy,17.203935623168945,0.3298826515674591
000052.npy,26.28144073486328,0.40201428532600403
000053.npy,25.906038284301758,0.6957899332046509
000054.npy,26.3592529296875,0.7015590667724609
000055.npy,27.382949829101562,0.769457221031189
000056.npy,27.611644744873047,0.8933446407318115
000057.npy,31.070653915405273,0.7072224617004395
000058.npy,31.578493118286133,0.7206343412399292
000059.npy,31.175392150878906,0.7069621086120605
000060.npy,26.722705841064453,0.6979014873504639
000061.npy,31.558446884155273,0.8087152242660522
000062.npy,31.066822052001953,0.792589008808136
000063.npy,31.228843688964844,0.8132267594337463
000064.npy,29.402191162109375,0.9081940650939941
000065.npy,27.507049560546875,0.7452620267868042
000066.npy,27.88141441345215,0.7645573616027832
000067.npy,26.698299407958984,0.7405650615692139
000068.npy,29.06165313720703,0.7766517400741577
000069.npy,33.20927810668945,0.9289940595626831
000070.npy,33.05503463745117,0.929443359375
000071.npy,33.40120315551758,0.9315056800842285
000072.npy,25.63555145263672,0.7494314908981323
000073.npy,25.079442977905273,0.649946928024292
000074.npy,24.951059341430664,0.6621421575546265
000075.npy,24.58015251159668,0.6606318950653076
000076.npy,33.678707122802734,0.917815089225769
000077.npy,33.55482864379883,0.8322440385818481
000078.npy,30.30412483215332,0.7151398062705994
000079.npy,33.353023529052734,0.8221734762191772
000080.npy,25.446910858154297,0.8424635529518127
000081.npy,26.399383544921875,0.7913113832473755
000082.npy,26.48750114440918,0.7910897731781006
000083.npy,26.574995040893555,0.7897003889083862
000084.npy,23.039539337158203,0.6487911343574524
000085.npy,20.560604095458984,0.7543975710868835
000086.npy,19.45856475830078,0.7256929874420166
000087.npy,19.985206604003906,0.7415014505386353
000088.npy,37.09878921508789,0.9635051488876343
000089.npy,30.248029708862305,0.8661376237869263
000090.npy,31.2762451171875,0.8899288177490234
000091.npy,31.3284854888916,0.8889647722244263
000092.npy,26.123878479003906,0.6846385598182678
000093.npy,35.50474548339844,0.8728847503662109
000094.npy,33.44062423706055,0.8579239249229431
000095.npy,35.618499755859375,0.8746191263198853
000096.npy,20.857097625732422,0.6883766651153564
000097.npy,29.002696990966797,0.765743613243103
000098.npy,29.23086166381836,0.7641825675964355
000099.npy,28.906232833862305,0.7626240849494934
000100.npy,32.814212799072266,0.896422803401947
000101.npy,33.672569274902344,0.8416906595230103
000102.npy,32.938270568847656,0.8278104066848755
000103.npy,33.02559280395508,0.8275047540664673
000104.npy,27.746809005737305,0.8141335844993591
000105.npy,33.79695510864258,0.9600082635879517
000106.npy,35.3896369934082,0.9668878316879272
000107.npy,33.96586990356445,0.9626195430755615
000108.npy,19.38805389404297,0.678317666053772
000109.npy,23.082353591918945,0.8153190612792969
000110.npy,24.277938842773438,0.8141962885856628
000111.npy,24.418466567993164,0.8090567588806152
000112.npy,26.41277313232422,0.7521008849143982
000113.npy,31.899168014526367,0.7902683019638062
000114.npy,31.004745483398438,0.7667827606201172
000115.npy,30.301189422607422,0.9164059162139893
000116.npy,25.81441879272461,0.6798173189163208
000117.npy,26.477325439453125,0.7096197009086609
000118.npy,26.612010955810547,0.7083926200866699
000119.npy,26.231876373291016,0.6923420429229736
000120.npy,28.961807250976562,0.8817320466041565
000121.npy,33.628875732421875,0.9521743059158325
000122.npy,31.593276977539062,0.9233662486076355
000123.npy,31.73908042907715,0.9333021640777588
000124.npy,23.726146697998047,0.8380725383758545
000125.npy,27.977659225463867,0.8367323875427246
000126.npy,28.35542869567871,0.8431351184844971
000127.npy,28.41042709350586,0.8507267236709595
000128.npy,32.894569396972656,0.7987694144248962
000129.npy,23.773679733276367,0.7777264714241028
000130.npy,24.213407516479492,0.8007819652557373
000131.npy,24.386232376098633,0.8042744398117065
000132.npy,31.423234939575195,0.9002271294593811
000133.npy,22.202083587646484,0.3836314380168915
000134.npy,27.059906005859375,0.5636745095252991
000135.npy,21.839237213134766,0.40229105949401855
000136.npy,28.47134017944336,0.8669707775115967
000137.npy,29.123275756835938,0.7392234206199646
000138.npy,28.840749740600586,0.7328718900680542
000139.npy,29.034425735473633,0.7352668046951294
000140.npy,24.692684173583984,0.8234856128692627
000141.npy,25.975873947143555,0.8874253630638123
000142.npy,25.93604850769043,0.8840391635894775
000143.npy,25.544261932373047,0.8718112707138062
000144.npy,27.36446762084961,0.6719778776168823
000145.npy,31.0404052734375,0.6092743277549744
000146.npy,30.79816436767578,0.6087248921394348
000147.npy,31.1256103515625,0.6134709119796753
000148.npy,25.86920738220215,0.7486069202423096
000149.npy,28.776409149169922,0.5623087882995605
000150.npy,28.319927215576172,0.5662232637405396
000151.npy,28.52385711669922,0.5668935775756836
000152.npy,23.090328216552734,0.6234052181243896
000153.npy,29.806978225708008,0.7042573690414429
000154.npy,30.393997192382812,0.7495784759521484
000155.npy,29.860000610351562,0.7148427963256836
000156.npy,26.87582778930664,0.897829532623291
000157.npy,32.72864532470703,0.9393006563186646
000158.npy,33.375972747802734,0.9464130401611328
000159.npy,33.570167541503906,0.9512813091278076
000160.npy,31.530187606811523,0.9078302383422852
000161.npy,31.10967254638672,0.9055323600769043
000162.npy,30.732152938842773,0.9075331687927246
000163.npy,31.651535034179688,0.9191762208938599
000164.npy,25.407291412353516,0.7178527116775513
000165.npy,30.138031005859375,0.8567107915878296
000166.npy,30.116472244262695,0.8378708362579346
000167.npy,30.694101333618164,0.8459035158157349
000168.npy,24.82973289489746,0.7823183536529541
000169.npy,33.595176696777344,0.826156497001648
000170.npy,34.136268615722656,0.8533222675323486
000171.npy,37.03144454956055,0.9443485140800476
000172.npy,28.509483337402344,0.5629637241363525
000173.npy,23.717918395996094,0.3147931694984436
000174.npy,24.233226776123047,0.30875808000564575
000175.npy,24.02216148376465,0.32735949754714966
000176.npy,24.602067947387695,0.7289186120033264
000177.npy,26.324542999267578,0.4057908058166504
000178.npy,30.51754379272461,0.5880913734436035
000179.npy,26.19205093383789,0.37825965881347656
000180.npy,37.660011291503906,0.9433643221855164
000181.npy,29.01136589050293,0.7596975564956665
000182.npy,28.369047164916992,0.7729957103729248
000183.npy,28.32158088684082,0.7644568085670471
000184.npy,24.03494644165039,0.6790087223052979
000185.npy,33.076560974121094,0.9113433361053467
000186.npy,31.781084060668945,0.8980808258056641
000187.npy,31.889266967773438,0.8967772722244263
000188.npy,24.922143936157227,0.751335620880127
000189.npy,25.364912033081055,0.7961990237236023
000190.npy,25.741483688354492,0.8003624677658081
000191.npy,26.026897430419922,0.7917138338088989
000192.npy,28.722274780273438,0.9364963173866272
000193.npy,28.099647521972656,0.9004200100898743
000194.npy,28.885929107666016,0.9078856706619263
000195.npy,29.17976188659668,0.9117230772972107
000196.npy,24.616085052490234,0.6856597661972046
000197.npy,28.542274475097656,0.8084191679954529
000198.npy,27.880958557128906,0.7844308614730835
000199.npy,27.490942001342773,0.7746630311012268
000200.npy,26.87000274658203,0.41425830125808716
000201.npy,32.721031188964844,0.751326322555542
000202.npy,33.69609451293945,0.786202073097229
000203.npy,33.628726959228516,0.7725034952163696
000204.npy,25.08783531188965,0.8940194845199585
000205.npy,22.84149932861328,0.7674074769020081
000206.npy,21.583541870117188,0.7206873893737793
000207.npy,22.259403228759766,0.7513660788536072
000208.npy,31.863431930541992,0.7557516694068909
000209.npy,31.949874877929688,0.7775990962982178
000210.npy,32.28865432739258,0.7846752405166626
000211.npy,31.55391502380371,0.7525014877319336
000212.npy,31.05453872680664,0.9175411462783813
000213.npy,37.089271545410156,0.9479701519012451
000214.npy,38.11165237426758,0.9568624496459961
000215.npy,38.59066390991211,0.9671839475631714
000216.npy,30.501998901367188,0.8915286064147949
000217.npy,30.13320541381836,0.8172762989997864
000218.npy,30.951406478881836,0.8515281081199646
000219.npy,31.668258666992188,0.8662900924682617
000220.npy,34.09804916381836,0.8169952630996704
000221.npy,24.073474884033203,0.716690182685852
000222.npy,25.302085876464844,0.7388473749160767
000223.npy,22.678241729736328,0.7863927483558655
000224.npy,24.69827651977539,0.4816095530986786
000225.npy,26.73877716064453,0.53154456615448
000226.npy,25.26994514465332,0.4885033071041107
000227.npy,25.59495735168457,0.49690020084381104
000228.npy,19.272323608398438,0.7896418571472168
000229.npy,21.09939956665039,0.7386149168014526
000230.npy,20.924386978149414,0.7169473171234131
000231.npy,21.55559730529785,0.7171119451522827
000232.npy,21.91278839111328,0.7207918167114258
000233.npy,23.320629119873047,0.6946843862533569
000234.npy,23.55015754699707,0.6981894373893738
000235.npy,23.348724365234375,0.6968062520027161
000236.npy,28.750221252441406,0.8239219784736633
000237.npy,26.577499389648438,0.7920833826065063
000238.npy,26.868667602539062,0.7768963575363159
000239.npy,27.75555419921875,0.7944181561470032
000240.npy,23.711162567138672,0.862442135810852
000241.npy,35.97193908691406,0.9712839126586914
000242.npy,36.42273712158203,0.972720742225647
000243.npy,36.80521011352539,0.9770172834396362
000244.npy,20.216903686523438,0.720658004283905
000245.npy,28.148700714111328,0.9313771724700928
000246.npy,26.607704162597656,0.9263047575950623
000247.npy,27.27603530883789,0.9311140179634094
000248.npy,28.458873748779297,0.8523160219192505
000249.npy,22.913604736328125,0.7782976031303406
000250.npy,21.8814640045166,0.7447377443313599
000251.npy,23.060548782348633,0.7781332731246948
000252.npy,29.03812026977539,0.8097529411315918
000253.npy,30.51375961303711,0.8769052624702454
000254.npy,29.47763442993164,0.8439322710037231
000255.npy,30.788063049316406,0.8784233331680298
000256.npy,24.61795997619629,0.8387773633003235
000257.npy,20.97294807434082,0.7359097003936768
000258.npy,21.56354522705078,0.7619585990905762
000259.npy,21.873611450195312,0.782120943069458
000260.npy,25.679119110107422,0.7526028156280518
000261.npy,29.215858459472656,0.8542885780334473
000262.npy,28.106393814086914,0.8505457043647766
000263.npy,28.43501091003418,0.8382121324539185
000264.npy,24.349159240722656,0.7761777639389038
000265.npy,32.77516174316406,0.880463719367981
000266.npy,32.669395446777344,0.8786947131156921
000267.npy,31.724506378173828,0.8728879690170288
000268.npy,33.597267150878906,0.8983833193778992
000269.npy,26.608280181884766,0.8242738246917725
000270.npy,27.03708267211914,0.8338152170181274
000271.npy,26.934864044189453,0.8339618444442749
000272.npy,20.677345275878906,0.755752444267273
000273.npy,25.09171485900879,0.351410835981369
000274.npy,24.563602447509766,0.35452473163604736
000275.npy,25.134504318237305,0.33593595027923584
000276.npy,37.165367126464844,0.9728770852088928
000277.npy,36.310935974121094,0.9584676027297974
000278.npy,33.90739440917969,0.9354841709136963
000279.npy,34.300567626953125,0.9313815832138062
000280.npy,22.162092208862305,0.7597993612289429
000281.npy,26.209430694580078,0.8681662082672119
000282.npy,26.88499641418457,0.8703330159187317
000283.npy,26.229917526245117,0.872978925704956
000284.npy,23.144006729125977,0.7020880579948425
000285.npy,31.21869659423828,0.8054545521736145
000286.npy,30.550662994384766,0.8010441660881042
000287.npy,32.19291305541992,0.7902326583862305
000288.npy,27.981719970703125,0.8503074645996094
000289.npy,24.999252319335938,0.66978919506073
000290.npy,23.017295837402344,0.6721116304397583
000291.npy,23.548301696777344,0.6831768751144409
000292.npy,33.47059631347656,0.9538435935974121
000293.npy,26.04568099975586,0.3759440779685974
000294.npy,25.918149948120117,0.39200663566589355
000295.npy,25.465240478515625,0.3787318766117096
000296.npy,24.728939056396484,0.7389166355133057
000297.npy,25.126758575439453,0.7397618293762207
000298.npy,25.16775894165039,0.7331000566482544
000299.npy,25.802059173583984,0.7853069305419922
000300.npy,26.61075210571289,0.48218050599098206
000301.npy,30.583478927612305,0.8986080288887024
000302.npy,32.01668930053711,0.9188055992126465
000303.npy,31.524730682373047,0.9137580394744873
000304.npy,28.712615966796875,0.8181469440460205
000305.npy,29.10927963256836,0.7438317537307739
000306.npy,28.934518814086914,0.746497631072998
000307.npy,29.492488861083984,0.7660599946975708
000308.npy,34.592674255371094,0.9521017074584961
000309.npy,26.561073303222656,0.6843622922897339
000310.npy,27.104354858398438,0.6924598813056946
000311.npy,26.792757034301758,0.6846296191215515
000312.npy,22.957809448242188,0.7882212400436401
000313.npy,36.168174743652344,0.8831568360328674
000314.npy,36.09081268310547,0.8677138090133667
000315.npy,35.89419174194336,0.8904203772544861
000316.npy,33.870384216308594,0.9322537779808044
000317.npy,23.900976181030273,0.6592025756835938
000318.npy,24.042299270629883,0.6919034123420715
000319.npy,24.11017417907715,0.6983259916305542
000320.npy,22.024641036987305,0.6259056329727173
000321.npy,29.653350830078125,0.8571630716323853
000322.npy,28.37111473083496,0.8342356085777283
000323.npy,28.908794403076172,0.8440924882888794
000324.npy,26.203691482543945,0.8413968086242676
000325.npy,32.83616638183594,0.931522011756897
000326.npy,32.29938507080078,0.923708975315094
000327.npy,32.14239501953125,0.9230380058288574
000328.npy,31.66067886352539,0.7431752681732178
000329.npy,28.52992057800293,0.8277876377105713
000330.npy,28.75945281982422,0.8302861452102661
000331.npy,28.791810989379883,0.8262671828269958
000332.npy,34.18540954589844,0.9495522975921631
000333.npy,26.391281127929688,0.7723475098609924
000334.npy,26.722814559936523,0.7757617235183716
000335.npy,26.413318634033203,0.7671070694923401
000336.npy,30.319095611572266,0.8980498313903809
000337.npy,36.754966735839844,0.9427622556686401
000338.npy,34.114322662353516,0.9147932529449463
000339.npy,34.659339904785156,0.9190476536750793
000340.npy,29.374412536621094,0.7783191204071045
000341.npy,31.16373062133789,0.8681678771972656
000342.npy,30.488130569458008,0.853145182132721
000343.npy,30.011842727661133,0.8449779152870178
000344.npy,27.89507293701172,0.7811709642410278
000345.npy,27.978498458862305,0.8060244917869568
000346.npy,28.568029403686523,0.8405237197875977
000347.npy,28.449493408203125,0.8379066586494446
000348.npy,30.204580307006836,0.9024844169616699
000349.npy,27.048418045043945,0.7413504123687744
000350.npy,27.605243682861328,0.7497217655181885
000351.npy,26.50921058654785,0.7140759229660034
000352.npy,11.460744857788086,0.33765536546707153
000353.npy,16.678871154785156,0.35323184728622437
000354.npy,15.60716438293457,0.3473430275917053
000355.npy,15.458599090576172,0.34843164682388306
000356.npy,24.857852935791016,0.7348963022232056
000357.npy,29.51286506652832,0.8140976428985596
000358.npy,27.52304458618164,0.7930494546890259
000359.npy,28.784616470336914,0.8108460307121277
000360.npy,23.884126663208008,0.7046502828598022
000361.npy,34.687164306640625,0.8744902610778809
000362.npy,30.4799747467041,0.7831065654754639
000363.npy,30.174863815307617,0.783575177192688
000364.npy,25.26327133178711,0.789192259311676
000365.npy,30.24956703186035,0.8718312978744507
000366.npy,29.91082763671875,0.8705782890319824
000367.npy,30.09454345703125,0.8704559803009033
000368.npy,28.796064376831055,0.7860602140426636
000369.npy,25.250244140625,0.6742112636566162
000370.npy,23.616649627685547,0.6766306757926941
000371.npy,24.468257904052734,0.6687964200973511
000372.npy,30.685344696044922,0.6783441305160522
000373.npy,21.08283042907715,0.6173710227012634
000374.npy,20.813772201538086,0.5957798957824707
000375.npy,20.668237686157227,0.598264217376709
000376.npy,21.776735305786133,0.5334852933883667
000377.npy,21.352344512939453,0.7376682162284851
000378.npy,21.559715270996094,0.7280901670455933
000379.npy,21.47066307067871,0.7513532638549805
000380.npy,28.668746948242188,0.8775694966316223
000381.npy,26.234472274780273,0.4784039855003357
000382.npy,26.037561416625977,0.47236117720603943
000383.npy,25.998170852661133,0.46337711811065674
000384.npy,33.2243766784668,0.963363766670227
000385.npy,22.192359924316406,0.4445033073425293
000386.npy,22.33292579650879,0.4544335603713989
000387.npy,21.968883514404297,0.4492247700691223
000388.npy,26.97418975830078,0.7984911799430847
000389.npy,31.573545455932617,0.8170434832572937
000390.npy,33.70907974243164,0.9398279190063477
000391.npy,35.182918548583984,0.9051003456115723
000392.npy,30.877532958984375,0.878915548324585
000393.npy,32.50135040283203,0.7793799042701721
000394.npy,32.78059005737305,0.7901997566223145
000395.npy,34.39094543457031,0.8657560348510742
000396.npy,25.323150634765625,0.7394750118255615
000397.npy,25.27947235107422,0.37129461765289307
000398.npy,22.301719665527344,0.2583919167518616
000399.npy,21.297971725463867,0.2303982377052307
000400.npy,33.487552642822266,0.9579789042472839
000401.npy,31.14057159423828,0.8167753219604492
000402.npy,29.26940155029297,0.8404583930969238
000403.npy,29.568641662597656,0.8477234244346619
000404.npy,23.915977478027344,0.6358094215393066
000405.npy,16.58523941040039,0.3492903709411621
000406.npy,16.92293357849121,0.3471090793609619
000407.npy,15.748031616210938,0.34904295206069946
000408.npy,29.76515769958496,0.8694549202919006
000409.npy,34.29865264892578,0.8773526549339294
000410.npy,34.6682014465332,0.8789373636245728
000411.npy,34.790611267089844,0.8806676268577576
000412.npy,31.655315399169922,0.7703250050544739
000413.npy,21.194631576538086,0.5682531595230103
000414.npy,21.740386962890625,0.5734035968780518
000415.npy,21.901948928833008,0.5676590204238892
000416.npy,30.91910171508789,0.895961582660675
000417.npy,28.89970588684082,0.5257497429847717
000418.npy,28.613643646240234,0.531366229057312
000419.npy,28.675640106201172,0.5282061100006104
000420.npy,30.78838539123535,0.8285267353057861
000421.npy,30.81000518798828,0.7237489223480225
000422.npy,30.49224853515625,0.7204117178916931
000423.npy,30.628456115722656,0.7189939022064209
000424.npy,30.362594604492188,0.8372865915298462
000425.npy,33.60560989379883,0.8893333673477173
000426.npy,30.949668884277344,0.8477065563201904
000427.npy,33.097618103027344,0.8705090284347534
000428.npy,28.513944625854492,0.8829555511474609
000429.npy,23.071731567382812,0.8494409322738647
000430.npy,22.107189178466797,0.8211427927017212
000431.npy,22.832569122314453,0.8339251279830933
000432.npy,30.98345947265625,0.8575257062911987
000433.npy,29.84205436706543,0.7252839803695679
000434.npy,30.805328369140625,0.7608699202537537
000435.npy,31.26011085510254,0.7811484932899475
000436.npy,34.21855163574219,0.9260603189468384
000437.npy,32.2269287109375,0.8930169343948364
000438.npy,32.10060501098633,0.8884199261665344
000439.npy,33.400657653808594,0.904488205909729
000440.npy,28.64565086364746,0.8314945101737976
000441.npy,30.714191436767578,0.8883039951324463
000442.npy,31.894742965698242,0.8898375630378723
000443.npy,31.050064086914062,0.8784303069114685
000444.npy,28.27560806274414,0.8217294216156006
000445.npy,29.64126205444336,0.8232369422912598
000446.npy,29.414173126220703,0.8084406852722168
000447.npy,30.338743209838867,0.8266201615333557
000448.npy,25.906490325927734,0.4146857261657715
000449.npy,32.462913513183594,0.8660696148872375
000450.npy,31.865293502807617,0.8459271788597107
000451.npy,31.942739486694336,0.8473281264305115
000452.npy,34.10821533203125,0.9498738050460815
000453.npy,24.263408660888672,0.46819043159484863
000454.npy,24.145187377929688,0.4689856767654419
000455.npy,24.265647888183594,0.4673457145690918
000456.npy,25.09758186340332,0.5959181785583496
000457.npy,24.757587432861328,0.6716859340667725
000458.npy,24.99528694152832,0.6800307631492615
000459.npy,25.034759521484375,0.6817294359207153
000460.npy,27.13688087463379,0.7892317771911621
000461.npy,36.418617248535156,0.965370774269104
000462.npy,35.484832763671875,0.9623875021934509
000463.npy,35.95258712768555,0.9663097262382507
000464.npy,26.261184692382812,0.74028080701828
000465.npy,27.398189544677734,0.41091111302375793
000466.npy,27.096256256103516,0.39460843801498413
000467.npy,26.843048095703125,0.3907333016395569
000468.npy,20.87265396118164,0.6102597713470459
000469.npy,23.356430053710938,0.6536370515823364
000470.npy,23.7288761138916,0.6644291877746582
000471.npy,23.72241973876953,0.6694716215133667
000472.npy,28.563119888305664,0.9180420637130737
000473.npy,32.4984016418457,0.9193770885467529
000474.npy,31.849628448486328,0.9251384735107422
000475.npy,33.54050064086914,0.952613890171051
000476.npy,28.556114196777344,0.8958724737167358
000477.npy,25.08639144897461,0.394784539937973
000478.npy,25.304950714111328,0.3979648947715759
000479.npy,24.811479568481445,0.39829424023628235
000480.npy,24.34861183166504,0.7667750120162964
000481.npy,31.13506317138672,0.8124940395355225
000482.npy,30.7882022857666,0.8062649965286255
000483.npy,30.906658172607422,0.8101100921630859
000484.npy,24.061182022094727,0.6649885773658752
000485.npy,34.261573791503906,0.8612575531005859
000486.npy,36.467002868652344,0.8995662331581116
000487.npy,36.20818328857422,0.8975460529327393
000488.npy,27.898099899291992,0.8333846926689148
000489.npy,26.828651428222656,0.8181517124176025
000490.npy,25.722976684570312,0.7980371117591858
000491.npy,26.305328369140625,0.808942973613739
000492.npy,25.57459831237793,0.8357735872268677
000493.npy,26.21865463256836,0.39715275168418884
000494.npy,24.228422164916992,0.3065486550331116
000495.npy,24.415998458862305,0.30253148078918457
000496.npy,19.0339412689209,0.7506906986236572
000497.npy,24.65640640258789,0.7083669304847717
000498.npy,24.307214736938477,0.7141883969306946
000499.npy,24.287317276000977,0.6827490925788879
000500.npy,25.976564407348633,0.6448681354522705
000501.npy,26.284170150756836,0.6818728446960449
000502.npy,26.458660125732422,0.6798782348632812
000503.npy,26.54448699951172,0.6782146692276001
000504.npy,27.40146255493164,0.8715800046920776
000505.npy,23.879615783691406,0.8417916297912598
000506.npy,23.621370315551758,0.8482489585876465
000507.npy,23.65447235107422,0.8485443592071533
000508.npy,32.97324752807617,0.9664620757102966
000509.npy,23.065309524536133,0.67385333776474
000510.npy,24.54368782043457,0.6813756227493286
000511.npy,24.784339904785156,0.6943380832672119
000512.npy,28.473512649536133,0.8572746515274048
000513.npy,17.45343589782715,0.6214350461959839
000514.npy,18.091638565063477,0.6213150024414062
000515.npy,17.443740844726562,0.5944964289665222
000516.npy,26.011184692382812,0.6054340600967407
000517.npy,25.484882354736328,0.608992338180542
000518.npy,25.443157196044922,0.5901700854301453
000519.npy,25.569162368774414,0.5952878594398499
000520.npy,24.271163940429688,0.6686586141586304
000521.npy,32.1554069519043,0.7644617557525635
000522.npy,32.34919357299805,0.7695211172103882
000523.npy,31.743776321411133,0.7614516019821167
000524.npy,21.041526794433594,0.7512500286102295
000525.npy,31.09182357788086,0.6800930500030518
000526.npy,30.79010772705078,0.6660040616989136
000527.npy,30.92596435546875,0.6726102828979492
000528.npy,33.70086669921875,0.8958121538162231
000529.npy,23.80693817138672,0.818495512008667
000530.npy,23.564424514770508,0.7917174100875854
000531.npy,22.496679306030273,0.756688117980957
000532.npy,25.24557876586914,0.8360642194747925
000533.npy,23.89199447631836,0.7035688161849976
000534.npy,24.240436553955078,0.7491586208343506
000535.npy,24.47395133972168,0.7561452388763428
000536.npy,35.61390686035156,0.9404506087303162
000537.npy,33.97154998779297,0.9175403714179993
000538.npy,34.26030349731445,0.9252826571464539
000539.npy,34.92028045654297,0.9310119152069092
000540.npy,26.92208480834961,0.6955990791320801
000541.npy,35.83728790283203,0.8591103553771973
000542.npy,35.10918426513672,0.8450717329978943
000543.npy,35.552371978759766,0.857731282711029
000544.npy,32.46694564819336,0.9428849220275879
000545.npy,30.781076431274414,0.9165689945220947
000546.npy,30.42794418334961,0.9173581600189209
000547.npy,29.724618911743164,0.8866876363754272
000548.npy,36.76953887939453,0.9490581750869751
000549.npy,34.00129699707031,0.968063473701477
000550.npy,35.88315963745117,0.9674500226974487
000551.npy,33.977638244628906,0.967720627784729
000552.npy,24.913360595703125,0.8579665422439575
000553.npy,33.08018112182617,0.8815208673477173
000554.npy,32.489009857177734,0.8809571266174316
000555.npy,32.39017868041992,0.8787779808044434
000556.npy,38.92137145996094,0.9592194557189941
000557.npy,37.815025329589844,0.9626819491386414
000558.npy,33.59077453613281,0.9423248767852783
000559.npy,36.981590270996094,0.9623843431472778
000560.npy,25.956653594970703,0.7590456008911133
000561.npy,22.861106872558594,0.5759594440460205
000562.npy,22.852067947387695,0.5743045806884766
000563.npy,23.22308349609375,0.5791757106781006
000564.npy,32.210243225097656,0.862136960029602
000565.npy,22.473583221435547,0.5300053358078003
000566.npy,22.519611358642578,0.5409082174301147
000567.npy,23.122257232666016,0.5073590874671936
000568.npy,23.49311065673828,0.7199413776397705
000569.npy,25.442413330078125,0.7451877593994141
000570.npy,25.56914520263672,0.7443942427635193
000571.npy,25.55303382873535,0.7509875297546387
000572.npy,24.6829776763916,0.7237353920936584
000573.npy,31.99295425415039,0.9380002021789551
000574.npy,37.18855285644531,0.9691225290298462
000575.npy,36.53114318847656,0.9643021821975708
000576.npy,25.318517684936523,0.8700680732727051
000577.npy,27.033369064331055,0.8915978074073792
000578.npy,26.623764038085938,0.8664893507957458
000579.npy,26.941226959228516,0.8738745450973511
000580.npy,31.8018798828125,0.7388305068016052
000581.npy,29.366069793701172,0.9065565466880798
000582.npy,29.364587783813477,0.9033118486404419
000583.npy,29.978866577148438,0.9040417671203613
000584.npy,28.842449188232422,0.5654200911521912
000585.npy,26.23406410217285,0.44634807109832764
000586.npy,26.753589630126953,0.45925846695899963
000587.npy,26.83502197265625,0.45189955830574036
000588.npy,33.69166564941406,0.9176587462425232
000589.npy,30.227413177490234,0.6671508550643921
000590.npy,31.275327682495117,0.6734046339988708
000591.npy,31.550403594970703,0.6840014457702637
000592.npy,32.49085998535156,0.9196163415908813
000593.npy,23.45839500427246,0.7545678615570068
000594.npy,25.400760650634766,0.8114314079284668
000595.npy,23.681045532226562,0.7629618048667908
000596.npy,30.29024314880371,0.9483147859573364
000597.npy,33.23637008666992,0.7792526483535767
000598.npy,32.80302429199219,0.7410399913787842
000599.npy,32.19922637939453,0.7278615236282349
000600.npy,30.93389892578125,0.900661289691925
000601.npy,33.68720626831055,0.902860164642334
000602.npy,33.53138732910156,0.9030215740203857
000603.npy,32.66447448730469,0.8753522634506226
000604.npy,23.536623001098633,0.9028548002243042
000605.npy,24.62118148803711,0.8917249441146851
000606.npy,24.581562042236328,0.8839192390441895
000607.npy,25.469135284423828,0.9122312068939209
000608.npy,25.234600067138672,0.8163664937019348
000609.npy,30.202526092529297,0.6536432504653931
000610.npy,29.996912002563477,0.6529918909072876
000611.npy,30.080677032470703,0.6295338869094849
000612.npy,31.94491958618164,0.8915213942527771
000613.npy,24.8212833404541,0.830230176448822
000614.npy,25.525146484375,0.8047359585762024
000615.npy,25.601022720336914,0.8040034770965576
000616.npy,30.000722885131836,0.9357151985168457
000617.npy,26.717912673950195,0.6670503616333008
000618.npy,27.42816925048828,0.6802675724029541
000619.npy,27.139055252075195,0.6601971387863159
000620.npy,28.897703170776367,0.7981798648834229
000621.npy,22.795608520507812,0.6167182922363281
000622.npy,22.942134857177734,0.6076220273971558
000623.npy,23.01133918762207,0.6222497820854187
000624.npy,23.972156524658203,0.882598340511322
000625.npy,11.315544128417969,0.3220864236354828
000626.npy,11.403877258300781,0.3324398994445801
000627.npy,11.342930793762207,0.32860875129699707
000628.npy,29.747236251831055,0.896120011806488
000629.npy,26.19055938720703,0.3746774196624756
000630.npy,26.21466827392578,0.38986000418663025
000631.npy,26.1627197265625,0.38167569041252136
000632.npy,28.13534927368164,0.8165243864059448
000633.npy,30.384849548339844,0.8688150644302368
000634.npy,30.956817626953125,0.8862941861152649
000635.npy,30.707141876220703,0.8827338814735413
000636.npy,28.073715209960938,0.8122760057449341
000637.npy,27.73877716064453,0.8130391836166382
000638.npy,27.762508392333984,0.8033488988876343
000639.npy,27.1123046875,0.7872101664543152
000640.npy,27.240686416625977,0.7631353139877319
000641.npy,20.786283493041992,0.3478105068206787
000642.npy,20.398996353149414,0.3391636610031128
000643.npy,36.957122802734375,0.9281415343284607
000644.npy,25.936481475830078,0.6032263040542603
000645.npy,25.13883399963379,0.6432154178619385
000646.npy,25.74640655517578,0.659907341003418
000647.npy,25.21135139465332,0.6371397972106934
000648.npy,24.61660385131836,0.7661645412445068
000649.npy,26.43047523498535,0.8695238828659058
000650.npy,26.590682983398438,0.8736345767974854
000651.npy,26.629318237304688,0.8777371644973755
000652.npy,30.807106018066406,0.8643583059310913
000653.npy,27.426868438720703,0.7994064688682556
000654.npy,27.325763702392578,0.7958375215530396
000655.npy,27.262683868408203,0.789162278175354
000656.npy,26.772762298583984,0.7771986126899719
000657.npy,25.279733657836914,0.850456953048706
000658.npy,25.219837188720703,0.8510103821754456
000659.npy,23.62248420715332,0.8272464871406555
000660.npy,32.23606872558594,0.9302541613578796
000661.npy,32.57317352294922,0.7504615783691406
000662.npy,32.415714263916016,0.7521942257881165
000663.npy,31.548044204711914,0.7364782094955444
000664.npy,14.98057746887207,0.5873372554779053
000665.npy,29.098304748535156,0.601082980632782
000666.npy,36.11790084838867,0.9863070249557495
000667.npy,35.30739212036133,0.9854445457458496
000668.npy,31.657730102539062,0.9032412171363831
000669.npy,27.799297332763672,0.7092850804328918
000670.npy,27.944190979003906,0.724108874797821
000671.npy,27.747709274291992,0.7128269672393799
000672.npy,22.060392379760742,0.9010711312294006
000673.npy,27.895030975341797,0.8678842186927795
000674.npy,26.910036087036133,0.8486840128898621
000675.npy,27.901004791259766,0.8728296756744385
000676.npy,22.394886016845703,0.849756121635437
000677.npy,19.94873046875,0.7683147192001343
000678.npy,20.336044311523438,0.7857057452201843
000679.npy,19.937849044799805,0.7747128009796143
000680.npy,30.352354049682617,0.9068239331245422
000681.npy,30.840015411376953,0.9289072751998901
000682.npy,30.283714294433594,0.9202529191970825
000683.npy,31.090871810913086,0.9285685420036316
000684.npy,26.972434997558594,0.8636372685432434
000685.npy,30.162372589111328,0.8793449997901917
000686.npy,29.604007720947266,0.8561747074127197
000687.npy,29.912158966064453,0.8505061864852905
000688.npy,27.954797744750977,0.8401267528533936
000689.npy,26.81831169128418,0.8888964653015137
000690.npy,26.10765838623047,0.8672932386398315
000691.npy,26.561450958251953,0.8810395002365112
000692.npy,31.66731834411621,0.9492678642272949
000693.npy,34.38576126098633,0.9291037321090698
000694.npy,29.350177764892578,0.897607684135437
000695.npy,32.86460494995117,0.9246398210525513
000696.npy,28.748119354248047,0.5390599966049194
000697.npy,30.342540740966797,0.8367224931716919
000698.npy,31.29840850830078,0.8479156494140625
000699.npy,31.022262573242188,0.8489120006561279
000700.npy,33.566776275634766,0.8833760023117065
000701.npy,26.91185188293457,0.5463734865188599
000702.npy,27.149383544921875,0.5442265272140503
000703.npy,26.710298538208008,0.5465103387832642
000704.npy,31.13528823852539,0.7833138108253479
000705.npy,20.84770965576172,0.30860549211502075
000706.npy,20.917585372924805,0.293745756149292
000707.npy,21.571048736572266,0.3353753089904785
000708.npy,26.343420028686523,0.8948430418968201
000709.npy,38.563846588134766,0.9592186212539673
000710.npy,38.63299560546875,0.9593815207481384
000711.npy,38.12464141845703,0.9555445909500122
000712.npy,28.689823150634766,0.8337404727935791
000713.npy,33.1998291015625,0.9022437334060669
000714.npy,32.719573974609375,0.9015679359436035
000715.npy,32.97296905517578,0.9019463658332825
000716.npy,21.856393814086914,0.7140405774116516
000717.npy,21.09341812133789,0.7576858997344971
000718.npy,20.782779693603516,0.751819372177124
000719.npy,20.87708282470703,0.7520833611488342
000720.npy,23.913860321044922,0.780494213104248
000721.npy,28.70144271850586,0.9202402234077454
000722.npy,28.88058853149414,0.9289453029632568
000723.npy,27.872943878173828,0.9135550260543823
000724.npy,24.39985466003418,0.6700799465179443
000725.npy,23.249618530273438,0.7124626636505127
000726.npy,23.100549697875977,0.7094911336898804
000727.npy,23.34449577331543,0.7029796242713928
000728.npy,29.209331512451172,0.817102313041687
000729.npy,28.99228286743164,0.7819544076919556
000730.npy,31.883028030395508,0.853487491607666
000731.npy,29.60858917236328,0.8006831407546997
000732.npy,22.156448364257812,0.6687061786651611
000733.npy,25.37276268005371,0.5142549872398376
000734.npy,25.15118408203125,0.5095115900039673
000735.npy,24.527511596679688,0.47342848777770996
000736.npy,28.77991485595703,0.8663201332092285
000737.npy,34.95370101928711,0.954590916633606
000738.npy,34.097835540771484,0.9067661762237549
000739.npy,33.326637268066406,0.8983668684959412
000740.npy,31.794626235961914,0.8426750898361206
000741.npy,28.6088924407959,0.7772068977355957
000742.npy,27.868572235107422,0.7295739650726318
000743.npy,28.003482818603516,0.7615372538566589
000744.npy,25.38219451904297,0.8014670610427856
000745.npy,34.50414276123047,0.781906247138977
000746.npy,33.551170349121094,0.75724196434021
000747.npy,34.31913757324219,0.7701820135116577
000748.npy,24.803802490234375,0.5962851047515869
000749.npy,25.59876251220703,0.7205120325088501
000750.npy,25.384944915771484,0.7130818367004395
000751.npy,25.63422203063965,0.7219178676605225
000752.npy,30.4164981842041,0.7308365106582642
000753.npy,24.926958084106445,0.34100303053855896
000754.npy,24.531246185302734,0.3372932970523834
000755.npy,24.418224334716797,0.32533612847328186
000756.npy,31.693933486938477,0.8323649168014526
000757.npy,33.630836486816406,0.8770301342010498
000758.npy,34.1087760925293,0.8854227066040039
000759.npy,32.659217834472656,0.872719407081604
000760.npy,24.26858139038086,0.31792399287223816
000761.npy,23.673480987548828,0.3138752579689026
000762.npy,23.487834930419922,0.34342658519744873
000763.npy,23.49153709411621,0.3312491178512573
000764.npy,20.592044830322266,0.7619628310203552
000765.npy,29.234825134277344,0.8211153745651245
000766.npy,28.67317008972168,0.8195639848709106
000767.npy,29.180862426757812,0.8218296766281128
000768.npy,23.104656219482422,0.7829101085662842
000769.npy,31.983062744140625,0.8248957395553589
000770.npy,32.46619415283203,0.8344653248786926
000771.npy,30.406648635864258,0.8149553537368774
000772.npy,29.269485473632812,0.7695074081420898
000773.npy,33.07185363769531,0.8669953942298889
000774.npy,32.61857604980469,0.8601784706115723
000775.npy,32.567073822021484,0.8592767715454102
000776.npy,23.183975219726562,0.8539389967918396
000777.npy,23.263866424560547,0.5456416606903076
000778.npy,22.853065490722656,0.5406208038330078
000779.npy,22.370290756225586,0.5293679237365723
000780.npy,21.53697967529297,0.7260158061981201
000781.npy,30.6290340423584,0.7748199105262756
000782.npy,30.831764221191406,0.7792638540267944
000783.npy,30.824748992919922,0.7789764404296875
000784.npy,28.191219329833984,0.8465532064437866
000785.npy,34.95083236694336,0.9212952852249146
000786.npy,34.74822235107422,0.9208742380142212
000787.npy,34.36322021484375,0.9159125089645386
000788.npy,32.576786041259766,0.8300318717956543
000789.npy,37.30044174194336,0.9513665437698364
000790.npy,37.78093719482422,0.9593156576156616
000791.npy,37.50455093383789,0.9501160383224487
000792.npy,31.865886688232422,0.912725567817688
000793.npy,26.92961883544922,0.7092108726501465
000794.npy,26.99240493774414,0.7032229900360107
000795.npy,27.939559936523438,0.7282264828681946
000796.npy,34.61468505859375,0.9820454120635986
000797.npy,31.930444717407227,0.8516863584518433
000798.npy,31.48042869567871,0.8452930450439453
000799.npy,29.907573699951172,0.8261923789978027
000800.npy,24.223430633544922,0.31461912393569946
000801.npy,31.719511032104492,0.6773614883422852
000802.npy,31.023475646972656,0.6480258703231812
000803.npy,31.718721389770508,0.6811366081237793
000804.npy,21.19744873046875,0.6399154663085938
000805.npy,38.36164093017578,0.9520012736320496
000806.npy,36.226593017578125,0.9387943744659424
000807.npy,35.49479675292969,0.9340527057647705
000808.npy,33.61049270629883,0.9130052328109741
000809.npy,32.73973846435547,0.9394568204879761
000810.npy,34.051063537597656,0.935204029083252
000811.npy,30.122812271118164,0.9274517893791199
000812.npy,28.463499069213867,0.8572196960449219
000813.npy,23.909685134887695,0.7396318912506104
000814.npy,23.8399658203125,0.7351707816123962
000815.npy,23.677637100219727,0.7177361845970154
000816.npy,30.029584884643555,0.765532374382019
000817.npy,22.001440048217773,0.6079939007759094
000818.npy,21.876867294311523,0.5696465969085693
000819.npy,21.192882537841797,0.5587544441223145
000820.npy,21.626148223876953,0.6515078544616699
000821.npy,38.363529205322266,0.9374710321426392
000822.npy,36.39944839477539,0.9123681783676147
000823.npy,37.66698455810547,0.9302493929862976
000824.npy,31.88098907470703,0.8263745307922363
000825.npy,31.43601417541504,0.9161452054977417
000826.npy,32.231910705566406,0.9233043789863586
000827.npy,32.30467987060547,0.9216712117195129
000828.npy,33.21916961669922,0.8698426485061646
000829.npy,32.77325439453125,0.8198318481445312
000830.npy,33.16210174560547,0.8281747698783875
000831.npy,33.33052062988281,0.8335071802139282
000832.npy,27.119365692138672,0.9093382358551025
000833.npy,25.620853424072266,0.818751335144043
000834.npy,24.206634521484375,0.8287404179573059
000835.npy,25.035079956054688,0.8315021395683289
000836.npy,27.36464500427246,0.8177658319473267
000837.npy,26.887569427490234,0.8207889795303345
000838.npy,29.57573127746582,0.8641533851623535
000839.npy,28.580209732055664,0.8441529273986816
000840.npy,27.648113250732422,0.8523829579353333
000841.npy,33.423828125,0.9370105266571045
000842.npy,33.44227981567383,0.930912971496582
000843.npy,32.831214904785156,0.9318400621414185
000844.npy,26.3607234954834,0.676246166229248
000845.npy,33.665199279785156,0.917510986328125
000846.npy,35.66604995727539,0.9480436444282532
000847.npy,34.61190414428711,0.9263179302215576
000848.npy,26.986270904541016,0.7052806615829468
000849.npy,30.97231674194336,0.8022800087928772
000850.npy,31.00631332397461,0.7897006273269653
000851.npy,31.55807113647461,0.8079184889793396
000852.npy,24.119739532470703,0.7611120343208313
000853.npy,22.255184173583984,0.6404620409011841
000854.npy,22.54408073425293,0.6217199563980103
000855.npy,22.076845169067383,0.6076215505599976
000856.npy,23.655704498291016,0.7752403020858765
000857.npy,31.871187210083008,0.8024685382843018
000858.npy,30.630203247070312,0.7650671601295471
000859.npy,31.404403686523438,0.7706117630004883
000860.npy,30.355899810791016,0.899498462677002
000861.npy,25.81365203857422,0.7087818384170532
000862.npy,26.920137405395508,0.7468110918998718
000863.npy,26.215099334716797,0.7229175567626953
000864.npy,19.89926528930664,0.7025763988494873
000865.npy,23.39830780029297,0.36670687794685364
000866.npy,23.557565689086914,0.3477477729320526
000867.npy,23.253868103027344,0.33517956733703613
000868.npy,27.001331329345703,0.8111516237258911
000869.npy,24.25609588623047,0.3540841341018677
000870.npy,24.599441528320312,0.3405309319496155
000871.npy,23.58344078063965,0.3301415741443634
000872.npy,31.682029724121094,0.8873924016952515
000873.npy,26.82992172241211,0.7021806240081787
000874.npy,26.07089614868164,0.679252028465271
000875.npy,26.867244720458984,0.705881655216217
000876.npy,29.083141326904297,0.8033851385116577
000877.npy,37.56329345703125,0.913832426071167
000878.npy,38.17744445800781,0.9206985235214233
000879.npy,37.81182861328125,0.9111942052841187
000880.npy,28.82184600830078,0.5366629362106323
000881.npy,33.33000183105469,0.8975352048873901
000882.npy,34.10985565185547,0.9102225303649902
000883.npy,33.901512145996094,0.9068326950073242
000884.npy,35.602901458740234,0.8509386777877808
000885.npy,29.568771362304688,0.8832393884658813
000886.npy,30.81646728515625,0.9061921834945679
000887.npy,30.635690689086914,0.8979909420013428
000888.npy,27.637348175048828,0.7482560873031616
000889.npy,36.87767791748047,0.9437419176101685
000890.npy,37.77265167236328,0.9471232891082764
000891.npy,38.155120849609375,0.9494567513465881
000892.npy,25.326778411865234,0.7785900235176086
000893.npy,30.681381225585938,0.8706388473510742
000894.npy,28.714311599731445,0.8342770934104919
000895.npy,28.143301010131836,0.8296569585800171
000896.npy,27.09285545349121,0.8861452341079712
000897.npy,31.682283401489258,0.9359209537506104
000898.npy,32.34526062011719,0.9395877718925476
000899.npy,32.56339645385742,0.9419299960136414
000900.npy,18.794015884399414,0.3939734995365143
000901.npy,28.363006591796875,0.8392332792282104
000902.npy,27.540115356445312,0.8151018023490906
000903.npy,28.759185791015625,0.8486775159835815
000904.npy,25.274927139282227,0.847358226776123
000905.npy,24.014127731323242,0.2821117639541626
000906.npy,33.672550201416016,0.769789457321167
000907.npy,26.43927764892578,0.36389899253845215
000908.npy,28.189006805419922,0.8312597870826721
000909.npy,35.320072174072266,0.8961474895477295
000910.npy,36.46076583862305,0.9013285636901855
000911.npy,36.619598388671875,0.904443621635437
000912.npy,30.743696212768555,0.8189844489097595
000913.npy,23.175260543823242,0.7420971989631653
000914.npy,23.60155487060547,0.7492296099662781
000915.npy,24.0229434967041,0.7640348672866821
000916.npy,21.802162170410156,0.7572535276412964
000917.npy,28.622718811035156,0.7439148426055908
000918.npy,28.769359588623047,0.7495620250701904
000919.npy,28.05931282043457,0.7210855484008789
000920.npy,27.520111083984375,0.8440765142440796
000921.npy,26.52975845336914,0.7781599760055542
000922.npy,26.455289840698242,0.7854496240615845
000923.npy,26.27487564086914,0.7713581919670105
000924.npy,37.58531951904297,0.980556309223175
000925.npy,30.84253692626953,0.6847529411315918
000926.npy,30.697776794433594,0.6905831098556519
000927.npy,30.953693389892578,0.6888083219528198
000928.npy,33.278045654296875,0.9519639015197754
000929.npy,26.783729553222656,0.6936299204826355
000930.npy,27.738971710205078,0.7865148186683655
000931.npy,28.15293312072754,0.8007183074951172
000932.npy,26.703102111816406,0.9459389448165894
000933.npy,30.911361694335938,0.7819743156433105
000934.npy,34.13150405883789,0.8688143491744995
000935.npy,31.047971725463867,0.7795954346656799
000936.npy,25.795852661132812,0.7258141040802002
000937.npy,30.936500549316406,0.8453572988510132
000938.npy,33.315773010253906,0.828156590461731
000939.npy,31.596195220947266,0.8644320964813232
000940.npy,21.405637741088867,0.5279000997543335
000941.npy,36.39439392089844,0.9262073040008545
000942.npy,36.58088302612305,0.9328711032867432
000943.npy,36.38372802734375,0.9286295175552368
000944.npy,36.02788543701172,0.9229069948196411
000945.npy,34.30885696411133,0.9610216617584229
000946.npy,35.557315826416016,0.9695761203765869
000947.npy,34.97711944580078,0.9630745649337769
000948.npy,28.220521926879883,0.8587192296981812
000949.npy,35.091949462890625,0.9248565435409546
000950.npy,35.201393127441406,0.9263619780540466
000951.npy,35.008079528808594,0.9202679991722107
000952.npy,25.862092971801758,0.5099096298217773
000953.npy,32.75654983520508,0.7375572919845581
000954.npy,33.069244384765625,0.7909087538719177
000955.npy,32.52007293701172,0.7311854362487793
000956.npy,23.920734405517578,0.7644640803337097
000957.npy,11.404847145080566,0.33363163471221924
000958.npy,11.300286293029785,0.326221764087677
000959.npy,11.383642196655273,0.3292574882507324
000960.npy,39.66155242919922,0.9711043238639832
000961.npy,33.34027099609375,0.7735344171524048
000962.npy,31.792415618896484,0.7380498647689819
000963.npy,33.209503173828125,0.7657379508018494
000964.npy,27.939746856689453,0.8477743268013
000965.npy,30.393630981445312,0.8848304748535156
000966.npy,31.39693832397461,0.900954008102417
000967.npy,29.974464416503906,0.8755638003349304
000968.npy,24.62618064880371,0.7705771923065186
000969.npy,24.59710693359375,0.6359997987747192
000970.npy,24.617204666137695,0.6304726600646973
000971.npy,24.32494354248047,0.6447224617004395
000972.npy,33.39002990722656,0.944290041923523
000973.npy,33.309696197509766,0.8902941942214966
000974.npy,32.24854278564453,0.8794289231300354
000975.npy,31.002695083618164,0.8310601711273193
000976.npy,34.37073516845703,0.8619743585586548
000977.npy,35.19883728027344,0.9859776496887207
000978.npy,35.856468200683594,0.9866860508918762
000979.npy,37.015403747558594,0.987675130367279
000980.npy,23.146896362304688,0.6897206902503967
000981.npy,24.593093872070312,0.7534523010253906
000982.npy,24.514034271240234,0.7398086190223694
000983.npy,25.903512954711914,0.7662677764892578
000984.npy,11.356941223144531,0.3273054361343384
000985.npy,27.887676239013672,0.8380618095397949
000986.npy,27.841779708862305,0.8396444320678711
000987.npy,28.42127227783203,0.8602959513664246
000988.npy,31.064361572265625,0.9083213806152344
000989.npy,32.120933532714844,0.8934860229492188
000990.npy,32.66487121582031,0.9089755415916443
000991.npy,33.61638641357422,0.9013453722000122
000992.npy,36.68718719482422,0.9027341604232788
000993.npy,31.984556198120117,0.7067910432815552
000994.npy,32.503318786621094,0.708808422088623
000995.npy,32.61417007446289,0.7117368578910828
000996.npy,29.32541275024414,0.9241904020309448
000997.npy,30.04169464111328,0.8707146644592285
000998.npy,30.6893253326416,0.8796294927597046
000999.npy,31.182401657104492,0.8980559706687927
001000.npy,21.759929656982422,0.6076936721801758
001001.npy,27.521530151367188,0.5806528329849243
001002.npy,27.39142417907715,0.5400769710540771
001003.npy,27.464200973510742,0.5713312029838562
001004.npy,25.906356811523438,0.8269422054290771
001005.npy,33.904083251953125,0.8711937665939331
001006.npy,34.16045379638672,0.8768771290779114
001007.npy,34.18231201171875,0.8810937404632568
001008.npy,26.23796844482422,0.6543063521385193
001009.npy,29.86940574645996,0.8808357119560242
001010.npy,30.273700714111328,0.9039289951324463
001011.npy,31.63473892211914,0.919477105140686
001012.npy,27.648563385009766,0.8292752504348755
001013.npy,30.525222778320312,0.9505977034568787
001014.npy,29.91486358642578,0.9316896796226501
001015.npy,29.57535743713379,0.8724454045295715
001016.npy,27.963178634643555,0.8304580450057983
001017.npy,30.605182647705078,0.884514331817627
001018.npy,30.705575942993164,0.8550429940223694
001019.npy,30.730859756469727,0.8763600587844849
001020.npy,25.186674118041992,0.7598357200622559
001021.npy,25.541427612304688,0.7065845727920532
001022.npy,25.981536865234375,0.7172248363494873
001023.npy,27.10012435913086,0.7787599563598633
001024.npy,28.747987747192383,0.9020330309867859
001025.npy,27.615833282470703,0.4907364547252655
001026.npy,27.625864028930664,0.4889732897281647
001027.npy,27.66650390625,0.5021988153457642
001028.npy,29.06061363220215,0.9009591341018677
001029.npy,33.82231903076172,0.8928424715995789
001030.npy,33.041934967041016,0.8822211027145386
001031.npy,33.75154113769531,0.8854023218154907
001032.npy,21.678287506103516,0.7317479252815247
001033.npy,23.850011825561523,0.7396993637084961
001034.npy,22.486600875854492,0.733169436454773
001035.npy,24.178211212158203,0.7492940425872803
001036.npy,31.324443817138672,0.9406962394714355
001037.npy,24.96747589111328,0.6720629930496216
001038.npy,25.264751434326172,0.6687813401222229
001039.npy,25.15323257446289,0.686936616897583
001040.npy,26.03207015991211,0.8032222986221313
001041.npy,21.78229522705078,0.808513879776001
001042.npy,22.133142471313477,0.8221973776817322
001043.npy,21.538223266601562,0.8134632110595703
001044.npy,25.124187469482422,0.7883827090263367
001045.npy,32.0323600769043,0.8764479160308838
001046.npy,32.05230712890625,0.8740173578262329
001047.npy,32.311405181884766,0.8788394927978516
001048.npy,26.519290924072266,0.8316377401351929
001049.npy,30.54161834716797,0.7641470432281494
001050.npy,29.88076400756836,0.7474308013916016
001051.npy,31.055133819580078,0.796812891960144
001052.npy,29.499425888061523,0.9105360507965088
001053.npy,39.50919723510742,0.9800243377685547
001054.npy,36.48185348510742,0.9626240134239197
001055.npy,40.35619354248047,0.9806499481201172
001056.npy,23.575637817382812,0.680384635925293
001057.npy,21.797958374023438,0.6236881017684937
001058.npy,22.52057647705078,0.6253938674926758
001059.npy,22.84099769592285,0.6275855898857117
001060.npy,30.20717430114746,0.8892033100128174
001061.npy,32.74095916748047,0.9296773672103882
001062.npy,32.92432403564453,0.9316369295120239
001063.npy,31.524572372436523,0.9129168391227722
001064.npy,35.08091354370117,0.944821298122406
001065.npy,33.367923736572266,0.7785239219665527
001066.npy,33.43687057495117,0.7812615633010864
001067.npy,33.8206901550293,0.7881149649620056
001068.npy,32.38123321533203,0.9076384902000427
001069.npy,25.607378005981445,0.8254631757736206
001070.npy,24.558795928955078,0.8272007703781128
001071.npy,23.77402114868164,0.8053958415985107
001072.npy,25.786178588867188,0.8140251636505127
001073.npy,23.396799087524414,0.7669486999511719
001074.npy,23.864662170410156,0.7878907322883606
001075.npy,23.40511131286621,0.7665597200393677
001076.npy,23.813295364379883,0.6317964792251587
001077.npy,26.92193031311035,0.6831941604614258
001078.npy,26.66625213623047,0.6854099035263062
001079.npy,26.742494583129883,0.6950955390930176
001080.npy,25.155698776245117,0.7508509159088135
001081.npy,37.98192596435547,0.9281454086303711
001082.npy,38.65298080444336,0.9343482255935669
001083.npy,37.15720748901367,0.9164576530456543
001084.npy,35.4692497253418,0.9635463953018188
001085.npy,34.10575866699219,0.938849925994873
001086.npy,35.7762451171875,0.9513224959373474
001087.npy,35.948760986328125,0.9540882110595703
001088.npy,26.663066864013672,0.8833532333374023
001089.npy,29.6402530670166,0.9167449474334717
001090.npy,29.8612117767334,0.9036032557487488
001091.npy,29.140989303588867,0.9115139245986938
001092.npy,25.234657287597656,0.821440577507019
001093.npy,38.00267791748047,0.9531818628311157
001094.npy,38.67052459716797,0.9575113654136658
001095.npy,39.19213104248047,0.9588143229484558
001096.npy,26.38129234313965,0.7766076922416687
001097.npy,26.369810104370117,0.8239893913269043
001098.npy,26.43893051147461,0.8373959064483643
001099.npy,27.026714324951172,0.8486694097518921
001100.npy,23.12226104736328,0.6355236768722534
001101.npy,33.81565475463867,0.9737158417701721
001102.npy,26.829011917114258,0.8889654874801636
001103.npy,26.790531158447266,0.8959264159202576
001104.npy,27.715042114257812,0.8818385601043701
001105.npy,27.904741287231445,0.7767736911773682
001106.npy,26.14746856689453,0.7491164803504944
001107.npy,25.90863037109375,0.7111729979515076
001108.npy,22.543180465698242,0.7298418283462524
001109.npy,23.780765533447266,0.8542371988296509
001110.npy,23.052703857421875,0.8349766731262207
001111.npy,23.757389068603516,0.8502105474472046
001112.npy,28.122638702392578,0.8321658372879028
001113.npy,32.538787841796875,0.8934521079063416
001114.npy,32.47066116333008,0.8931478261947632
001115.npy,32.34175491333008,0.8896389603614807
001116.npy,28.944427490234375,0.8849379420280457
001117.npy,28.519855499267578,0.735247790813446
001118.npy,29.54534339904785,0.7615880966186523
001119.npy,29.54930877685547,0.7638417482376099
001120.npy,26.511653900146484,0.860007643699646
001121.npy,25.53612518310547,0.8094773292541504
001122.npy,24.821374893188477,0.8058781623840332
001123.npy,25.7677001953125,0.8156708478927612
001124.npy,34.901206970214844,0.9202070236206055
001125.npy,28.972997665405273,0.8405645489692688
001126.npy,28.76153564453125,0.8555938005447388
001127.npy,28.893848419189453,0.8577778339385986
001128.npy,33.45658493041992,0.9480019807815552
001129.npy,32.53441619873047,0.901395320892334
001130.npy,33.93145751953125,0.9210030436515808
001131.npy,32.83572769165039,0.9029897451400757
001132.npy,20.519351959228516,0.7692422866821289
001133.npy,21.053939819335938,0.7665525674819946
001134.npy,21.27669906616211,0.7644686102867126
001135.npy,21.095203399658203,0.7563391923904419
001136.npy,27.99197769165039,0.8990494608879089
001137.npy,29.181421279907227,0.8566972017288208
001138.npy,28.884584426879883,0.8516314625740051
001139.npy,28.58568000793457,0.8463174700737
001140.npy,27.746906280517578,0.8225407600402832
001141.npy,28.449462890625,0.6707989573478699
001142.npy,28.39394760131836,0.6635086536407471
001143.npy,28.877227783203125,0.6856908202171326
001144.npy,24.920530319213867,0.7597569227218628
001145.npy,27.339914321899414,0.8967862129211426
001146.npy,27.34033966064453,0.8802811503410339
001147.npy,27.846059799194336,0.8934930562973022
001148.npy,26.11288070678711,0.7054811716079712
001149.npy,23.370250701904297,0.7433304786682129
001150.npy,23.305259704589844,0.7437092065811157
001151.npy,22.981399536132812,0.7327117919921875
001152.npy,22.0441837310791,0.7223794460296631
001153.npy,26.087352752685547,0.7072690725326538
001154.npy,26.00566864013672,0.6592762470245361
001155.npy,26.436264038085938,0.6941995024681091
001156.npy,28.470041275024414,0.8629800081253052
001157.npy,28.430419921875,0.552467405796051
001158.npy,28.219497680664062,0.5575515031814575
001159.npy,28.443326950073242,0.5558906197547913
001160.npy,34.65032196044922,0.8757687211036682
001161.npy,32.524330139160156,0.818980872631073
001162.npy,32.18156814575195,0.7948077917098999
001163.npy,32.29894256591797,0.8065485954284668
001164.npy,28.942646026611328,0.6985164880752563
001165.npy,30.735118865966797,0.8837159872055054
001166.npy,31.652738571166992,0.8967421054840088
001167.npy,30.72286605834961,0.8717409372329712
001168.npy,31.751495361328125,0.8518614768981934
001169.npy,27.55413246154785,0.5963654518127441
001170.npy,27.592327117919922,0.6000387072563171
001171.npy,27.30924415588379,0.5981674194335938
001172.npy,33.3369026184082,0.8902400732040405
001173.npy,31.32379150390625,0.9078274965286255
001174.npy,31.659046173095703,0.9113219976425171
001175.npy,32.64739990234375,0.9258813858032227
001176.npy,21.97212028503418,0.7332736849784851
001177.npy,25.37359046936035,0.8213443756103516
001178.npy,26.804431915283203,0.813156247138977
001179.npy,27.592605590820312,0.8285751342773438
001180.npy,24.293712615966797,0.7963539361953735
001181.npy,25.27310562133789,0.652056097984314
001182.npy,25.318038940429688,0.6507978439331055
001183.npy,25.238651275634766,0.6521978974342346
001184.npy,24.79656982421875,0.6770914196968079
001185.npy,27.552928924560547,0.822754979133606
001186.npy,28.2098388671875,0.8389904499053955
001187.npy,26.49469566345215,0.7940021753311157
001188.npy,22.53179359436035,0.5745587348937988
001189.npy,23.05721092224121,0.7513307332992554
001190.npy,23.206405639648438,0.7627564072608948
001191.npy,22.93033218383789,0.7508610486984253
001192.npy,32.01929473876953,0.9024956226348877
001193.npy,39.192726135253906,0.9779316186904907
001194.npy,38.03390884399414,0.9698920249938965
001195.npy,38.490909576416016,0.9691993594169617
001196.npy,35.45717239379883,0.9478162527084351
001197.npy,33.09227752685547,0.7259644269943237
001198.npy,29.41739845275879,0.5387688279151917
001199.npy,35.30864334106445,0.8158716559410095
001200.npy,28.12261390686035,0.8062043190002441
001201.npy,29.69231605529785,0.7439717054367065
001202.npy,28.667688369750977,0.6959507465362549
001203.npy,30.0283145904541,0.740344226360321
001204.npy,25.114761352539062,0.809065043926239
001205.npy,31.6079158782959,0.6476911902427673
001206.npy,37.318763732910156,0.9631435871124268
001207.npy,31.4366512298584,0.6373474597930908
001208.npy,20.666112899780273,0.30635103583335876
001209.npy,23.555095672607422,0.709113597869873
001210.npy,23.25666046142578,0.700588583946228
001211.npy,23.686983108520508,0.7101873159408569
001212.npy,26.684877395629883,0.8729175925254822
001213.npy,20.70990562438965,0.7725625038146973
001214.npy,21.162391662597656,0.7794628143310547
001215.npy,21.528610229492188,0.7940577268600464
001216.npy,25.873416900634766,0.7049411535263062
001217.npy,28.0545597076416,0.7995690107345581
001218.npy,27.617488861083984,0.7913575768470764
001219.npy,28.09630584716797,0.8010213375091553
001220.npy,32.70872497558594,0.7480320930480957
001221.npy,28.45361328125,0.8356566429138184
001222.npy,28.94183921813965,0.8479424118995667
001223.npy,28.00318717956543,0.829971432685852
001224.npy,18.532920837402344,0.545425295829773
001225.npy,34.745277404785156,0.8990138173103333
001226.npy,34.814186096191406,0.8997412919998169
001227.npy,34.65874099731445,0.909130334854126
001228.npy,37.11216354370117,0.8977611064910889
001229.npy,29.70670509338379,0.9564472436904907
001230.npy,29.908187866210938,0.9599210023880005
001231.npy,29.655590057373047,0.9583961963653564
001232.npy,26.23833465576172,0.8924639821052551
001233.npy,33.5356559753418,0.9237812161445618
001234.npy,32.80019760131836,0.8945728540420532
001235.npy,34.9750862121582,0.9396743774414062
001236.npy,24.46405792236328,0.7631164789199829
001237.npy,33.3356819152832,0.9196338653564453
001238.npy,31.75278663635254,0.9008567333221436
001239.npy,32.6918830871582,0.9095650911331177
001240.npy,27.22201156616211,0.7630873918533325
001241.npy,24.977529525756836,0.7167834043502808
001242.npy,25.086627960205078,0.7851420640945435
001243.npy,24.693603515625,0.6955417394638062
001244.npy,25.499666213989258,0.8633430600166321
001245.npy,29.484560012817383,0.8341695070266724
001246.npy,30.16336441040039,0.8262069225311279
001247.npy,30.07271957397461,0.8378497958183289
001248.npy,27.898414611816406,0.8512252569198608
001249.npy,29.08069610595703,0.6974274516105652
001250.npy,29.16285514831543,0.70253586769104
001251.npy,28.597492218017578,0.6840742826461792
001252.npy,26.630889892578125,0.7190395593643188
001253.npy,29.760894775390625,0.827532172203064
001254.npy,28.254850387573242,0.8427137136459351
001255.npy,29.753572463989258,0.8171125054359436
001256.npy,28.1972599029541,0.686225175857544
001257.npy,36.82371520996094,0.9574514627456665
001258.npy,32.58125686645508,0.9405918717384338
001259.npy,36.78520202636719,0.9736579656600952
001260.npy,21.438913345336914,0.7808687686920166
001261.npy,34.74789810180664,0.9409095048904419
001262.npy,35.6517333984375,0.9480505585670471
001263.npy,35.4176025390625,0.9455152750015259
001264.npy,25.63193130493164,0.8371169567108154
001265.npy,34.880149841308594,0.8497751951217651
001266.npy,34.926368713378906,0.8575495481491089
001267.npy,34.117671966552734,0.8945790529251099
001268.npy,35.29207992553711,0.8386563062667847
001269.npy,39.138671875,0.9765844345092773
001270.npy,38.987709045410156,0.9795573949813843
001271.npy,39.18253707885742,0.9768110513687134
001272.npy,28.06434440612793,0.8462424278259277
001273.npy,29.608125686645508,0.8592334985733032
001274.npy,29.122394561767578,0.8479608297348022
001275.npy,29.533428192138672,0.8599317073822021
001276.npy,24.53685760498047,0.794286847114563
001277.npy,26.492002487182617,0.7652497291564941
001278.npy,26.83118438720703,0.7756586074829102
001279.npy,26.647274017333984,0.7687150835990906
001280.npy,20.405778884887695,0.723159670829773
001281.npy,22.670917510986328,0.5110930800437927
001282.npy,21.96920394897461,0.5015159845352173
001283.npy,22.79566192626953,0.5072319507598877
001284.npy,29.559650421142578,0.8801832795143127
001285.npy,19.464736938476562,0.35519665479660034
001286.npy,19.73257827758789,0.32165515422821045
001287.npy,19.742355346679688,0.33585643768310547
001288.npy,34.687503814697266,0.9302982091903687
001289.npy,23.78301429748535,0.7607513666152954
001290.npy,23.608110427856445,0.76140296459198
001291.npy,23.408784866333008,0.7588664293289185
001292.npy,26.426490783691406,0.7809734344482422
001293.npy,30.616893768310547,0.8012595772743225
001294.npy,31.685087203979492,0.798649787902832
001295.npy,31.19327735900879,0.7997372150421143
001296.npy,30.517108917236328,0.8595513701438904
001297.npy,31.600242614746094,0.8627890348434448
001298.npy,32.60609436035156,0.8832978010177612
001299.npy,30.049884796142578,0.8338164687156677
001300.npy,35.73112869262695,0.9404090642929077
001301.npy,35.1927604675293,0.8226348161697388
001302.npy,34.73902130126953,0.8166937232017517
001303.npy,33.421875,0.7681918144226074
001304.npy,25.616416931152344,0.6323975920677185
001305.npy,22.75587272644043,0.5211949348449707
001306.npy,22.4591064453125,0.5243679285049438
001307.npy,22.959060668945312,0.4965817630290985
001308.npy,25.132150650024414,0.877103328704834
001309.npy,25.747634887695312,0.8624170422554016
001310.npy,26.110822677612305,0.8709827065467834
001311.npy,25.806257247924805,0.8634154796600342
001312.npy,17.200027465820312,0.5368349552154541
001313.npy,19.72352409362793,0.6515737771987915
001314.npy,19.67243766784668,0.6489498019218445
001315.npy,19.652589797973633,0.6512167453765869
001316.npy,30.128461837768555,0.8807370662689209
001317.npy,31.50205421447754,0.9223427772521973
001318.npy,31.346790313720703,0.9173373579978943
001319.npy,30.319355010986328,0.9229527711868286
001320.npy,34.407981872558594,0.7936344146728516
001321.npy,35.97072219848633,0.9116382598876953
001322.npy,35.4250373840332,0.9082962870597839
001323.npy,40.344017028808594,0.9575462341308594
001324.npy,33.771297454833984,0.771954357624054
001325.npy,25.070886611938477,0.8337056636810303
001326.npy,24.142719268798828,0.8026891946792603
001327.npy,24.48643684387207,0.8057971000671387
001328.npy,32.75296401977539,0.9008111357688904
001329.npy,36.147056579589844,0.8938882350921631
001330.npy,34.99835205078125,0.878770112991333
001331.npy,34.74824142456055,0.875653088092804
001332.npy,22.939550399780273,0.7446801066398621
001333.npy,21.49610710144043,0.44377487897872925
001334.npy,21.26910400390625,0.45077425241470337
001335.npy,21.64517593383789,0.41221344470977783
001336.npy,28.317821502685547,0.7013182640075684
001337.npy,27.215442657470703,0.7309602499008179
001338.npy,27.59780502319336,0.735430121421814
001339.npy,26.27942657470703,0.6933068037033081
001340.npy,30.379741668701172,0.8264704942703247
001341.npy,35.84291076660156,0.9250831604003906
001342.npy,37.449485778808594,0.9413776397705078
001343.npy,38.30657196044922,0.9516618251800537
001344.npy,25.31964111328125,0.7002209424972534
001345.npy,22.842052459716797,0.49494457244873047
001346.npy,23.320627212524414,0.486589640378952
001347.npy,23.99216651916504,0.5179374814033508
001348.npy,32.516258239746094,0.9252457618713379
001349.npy,37.97937774658203,0.9309552907943726
001350.npy,32.02041244506836,0.6814213991165161
001351.npy,35.20985794067383,0.8483474254608154
001352.npy,23.252960205078125,0.660883903503418
001353.npy,31.2222957611084,0.7198747396469116
001354.npy,30.793760299682617,0.7187705636024475
001355.npy,30.846769332885742,0.7178328037261963
001356.npy,23.24483871459961,0.6758989691734314
001357.npy,25.378192901611328,0.6246628761291504
001358.npy,25.425941467285156,0.6240995526313782
001359.npy,25.200292587280273,0.5885242223739624
001360.npy,22.163776397705078,0.7018966674804688
001361.npy,23.24002456665039,0.34280914068222046
001362.npy,23.849287033081055,0.3322271704673767
001363.npy,24.007614135742188,0.3315618634223938
001364.npy,23.35761260986328,0.8018290400505066
001365.npy,26.184391021728516,0.8296215534210205
001366.npy,23.258243560791016,0.7923499345779419
001367.npy,24.838972091674805,0.8511321544647217
001368.npy,35.32523727416992,0.8902862668037415
001369.npy,23.276235580444336,0.6865686774253845
001370.npy,22.16944694519043,0.6423006057739258
001371.npy,23.611831665039062,0.6826804876327515
001372.npy,27.947185516357422,0.805707573890686
001373.npy,28.888877868652344,0.855863094329834
001374.npy,28.02505111694336,0.8623844981193542
001375.npy,28.180335998535156,0.8642485737800598
001376.npy,28.994626998901367,0.9178695678710938
001377.npy,26.700294494628906,0.729829728603363
001378.npy,26.727462768554688,0.7144551277160645
001379.npy,26.972448348999023,0.7446597218513489
001380.npy,26.992267608642578,0.8986507058143616
001381.npy,24.582904815673828,0.7696349620819092
001382.npy,24.60731315612793,0.7745328545570374
001383.npy,24.233062744140625,0.7679698467254639
001384.npy,18.102062225341797,0.6514238119125366
001385.npy,19.134666442871094,0.7956290245056152
001386.npy,19.49984359741211,0.8118488788604736
001387.npy,19.338342666625977,0.8044524192810059
001388.npy,21.91366958618164,0.6707504391670227
001389.npy,32.1634407043457,0.7329350709915161
001390.npy,33.00601577758789,0.7471480965614319
001391.npy,32.603675842285156,0.7394042611122131
001392.npy,30.517127990722656,0.8040213584899902
001393.npy,29.67304039001465,0.7330913543701172
001394.npy,30.418493270874023,0.7461032867431641
001395.npy,29.459720611572266,0.7335507869720459
001396.npy,26.8911075592041,0.7638257741928101
001397.npy,24.939186096191406,0.5376589894294739
001398.npy,24.888505935668945,0.5421860218048096
001399.npy,24.655563354492188,0.5291261672973633
001400.npy,30.55323028564453,0.8584312200546265
001401.npy,34.69921875,0.9252030253410339
001402.npy,34.789981842041016,0.9155687093734741
001403.npy,33.97598648071289,0.8886576890945435
001404.npy,23.873043060302734,0.5630530118942261
001405.npy,36.66915512084961,0.9044166803359985
001406.npy,36.96300506591797,0.9565325379371643
001407.npy,37.42585754394531,0.9066792726516724
001408.npy,33.80642318725586,0.9580854177474976
001409.npy,36.59400177001953,0.9226479530334473
001410.npy,36.70729064941406,0.951452374458313
001411.npy,36.39689636230469,0.9483878016471863
001412.npy,22.147785186767578,0.7333180904388428
001413.npy,21.608116149902344,0.7413378953933716
001414.npy,21.972251892089844,0.7495859265327454
001415.npy,21.729503631591797,0.7417092323303223
001416.npy,31.624601364135742,0.8285300731658936
001417.npy,26.68633460998535,0.7649452090263367
001418.npy,26.712934494018555,0.765596866607666
001419.npy,27.02630615234375,0.7878029942512512
001420.npy,26.389530181884766,0.7503775954246521
001421.npy,29.97819709777832,0.8561496734619141
001422.npy,31.126983642578125,0.8775546550750732
001423.npy,31.06488800048828,0.8757531046867371
001424.npy,22.67754554748535,0.6426793336868286
001425.npy,26.82347869873047,0.7338186502456665
001426.npy,26.617868423461914,0.7403537631034851
001427.npy,27.493911743164062,0.7473280429840088
001428.npy,29.55194091796875,0.9203885197639465
001429.npy,27.113256454467773,0.8998056650161743
001430.npy,27.7499942779541,0.910651445388794
001431.npy,27.138078689575195,0.8972363471984863
001432.npy,36.01715850830078,0.9556707143783569
001433.npy,37.41520309448242,0.9656810760498047
001434.npy,38.04813003540039,0.9660046100616455
001435.npy,38.47392654418945,0.9665822386741638
001436.npy,30.749649047851562,0.8032656908035278
001437.npy,31.03630256652832,0.8136107921600342
001438.npy,30.89055824279785,0.8127620220184326
001439.npy,31.15599822998047,0.8157432079315186
001440.npy,28.55855941772461,0.833432674407959
001441.npy,28.317398071289062,0.7977876663208008
001442.npy,28.053585052490234,0.7903447151184082
001443.npy,27.251920700073242,0.7686094045639038
001444.npy,25.40947914123535,0.8421015739440918
001445.npy,31.833786010742188,0.955146074295044
001446.npy,31.65471076965332,0.9527322053909302
001447.npy,31.417139053344727,0.9505696296691895
001448.npy,25.30919647216797,0.5853549242019653
001449.npy,36.05475616455078,0.8833631277084351
001450.npy,34.72246170043945,0.8798278570175171
001451.npy,35.490509033203125,0.8831961154937744
001452.npy,22.42755126953125,0.5914039611816406
001453.npy,31.73607635498047,0.8768500089645386
001454.npy,33.03658676147461,0.8979989886283875
001455.npy,33.82696533203125,0.9078567624092102
001456.npy,25.89876937866211,0.8073182106018066
001457.npy,24.452505111694336,0.7939283847808838
001458.npy,24.810447692871094,0.8095151782035828
001459.npy,24.036989212036133,0.7769906520843506
001460.npy,24.743806838989258,0.6792058944702148
001461.npy,26.031343460083008,0.8626883625984192
001462.npy,25.15427017211914,0.8018230199813843
001463.npy,25.783775329589844,0.8307574987411499
001464.npy,24.408153533935547,0.7614089250564575
001465.npy,36.73747634887695,0.9461784362792969
001466.npy,37.46041488647461,0.9446521997451782
001467.npy,36.75052261352539,0.945065975189209
001468.npy,33.04130554199219,0.8979756832122803
001469.npy,26.996145248413086,0.8635754585266113
001470.npy,24.98529624938965,0.8318284749984741
001471.npy,26.841346740722656,0.875072717666626
001472.npy,33.563053131103516,0.9020876884460449
001473.npy,30.318790435791016,0.5901062488555908
001474.npy,32.458351135253906,0.709750771522522
001475.npy,30.415508270263672,0.5990340709686279
001476.npy,24.99964714050293,0.8018949031829834
001477.npy,29.69954490661621,0.8630008697509766
001478.npy,30.005008697509766,0.8735458850860596
001479.npy,30.874177932739258,0.8802362680435181
001480.npy,24.901206970214844,0.649856448173523
001481.npy,28.20054054260254,0.8311165571212769
001482.npy,29.556114196777344,0.8460773229598999
001483.npy,27.863513946533203,0.8223050832748413
001484.npy,32.92750930786133,0.9461721181869507
001485.npy,32.13536834716797,0.9140544533729553
001486.npy,34.239315032958984,0.9421941041946411
001487.npy,33.404632568359375,0.9265563488006592
001488.npy,25.391939163208008,0.7103837728500366
001489.npy,21.973848342895508,0.791009247303009
001490.npy,22.084579467773438,0.7776745557785034
001491.npy,22.77269172668457,0.8072299361228943
001492.npy,27.551965713500977,0.9105559587478638
001493.npy,34.517093658447266,0.9308302402496338
001494.npy,34.469512939453125,0.9112779498100281
001495.npy,33.90303039550781,0.9031627178192139
001496.npy,32.0716438293457,0.9188462495803833
001497.npy,32.73622512817383,0.93222975730896
001498.npy,33.16659927368164,0.9447463154792786
001499.npy,33.53561782836914,0.9493645429611206
001500.npy,28.76436424255371,0.6124426126480103
001501.npy,29.7608585357666,0.7737351655960083
001502.npy,30.160804748535156,0.7851482033729553
001503.npy,29.70983123779297,0.7729456424713135
001504.npy,25.17638397216797,0.5880647897720337
001505.npy,26.729543685913086,0.6837527751922607
001506.npy,26.869483947753906,0.6733158826828003
001507.npy,28.468990325927734,0.731269359588623
001508.npy,22.997711181640625,0.7438624501228333
001509.npy,19.393156051635742,0.5986306667327881
001510.npy,19.542869567871094,0.6006536483764648
001511.npy,19.33639144897461,0.5902080535888672
001512.npy,32.13514709472656,0.9140618443489075
001513.npy,25.722715377807617,0.753140389919281
001514.npy,26.673465728759766,0.7798342108726501
001515.npy,26.54981231689453,0.7748956680297852
001516.npy,23.711685180664062,0.7947509288787842
001517.npy,33.580169677734375,0.8816115856170654
001518.npy,33.90443420410156,0.8981987833976746
001519.npy,34.100975036621094,0.9028136730194092
001520.npy,28.19161605834961,0.7914142608642578
001521.npy,30.154115676879883,0.8334698677062988
001522.npy,30.898706436157227,0.8479345440864563
001523.npy,30.786134719848633,0.8442950248718262
001524.npy,29.635055541992188,0.9015628099441528
001525.npy,40.77558517456055,0.9610475301742554
001526.npy,39.49126434326172,0.9537506103515625
001527.npy,38.0943717956543,0.9397964477539062
001528.npy,26.02535629272461,0.803472101688385
001529.npy,30.987876892089844,0.6951804757118225
001530.npy,30.39020538330078,0.67328941822052
001531.npy,30.877361297607422,0.6849250793457031
001532.npy,35.04287338256836,0.8409091830253601
001533.npy,26.60978126525879,0.8476358652114868
001534.npy,27.839338302612305,0.8738418817520142
001535.npy,27.391023635864258,0.873582124710083
001536.npy,24.04256820678711,0.7871513366699219
001537.npy,32.9084587097168,0.9051859974861145
001538.npy,33.264854431152344,0.9152357578277588
001539.npy,33.81879425048828,0.9215242862701416
001540.npy,32.08012390136719,0.9446117877960205
001541.npy,26.145896911621094,0.7554558515548706
001542.npy,27.307086944580078,0.791185736656189
001543.npy,27.253498077392578,0.7897802591323853
001544.npy,24.923803329467773,0.7806469798088074
001545.npy,31.9952392578125,0.8735066056251526
001546.npy,31.533016204833984,0.8621524572372437
001547.npy,32.61225128173828,0.86812424659729
001548.npy,28.758060455322266,0.9009575843811035
001549.npy,27.456527709960938,0.8397619724273682
001550.npy,30.260406494140625,0.8834782242774963
001551.npy,29.770679473876953,0.8577373027801514
001552.npy,22.45794105529785,0.8115155696868896
001553.npy,26.393428802490234,0.7494019269943237
001554.npy,26.185012817382812,0.742603600025177
001555.npy,26.348093032836914,0.7492169737815857
001556.npy,29.7807674407959,0.9022291898727417
001557.npy,19.315658569335938,0.5640321969985962
001558.npy,18.493818283081055,0.5612150430679321
001559.npy,19.209455490112305,0.5893387198448181
001560.npy,28.487411499023438,0.8881635069847107
001561.npy,25.586347579956055,0.8659840226173401
001562.npy,25.93377685546875,0.868141770362854
001563.npy,26.44353485107422,0.8800009489059448
001564.npy,34.18470764160156,0.9400168061256409
001565.npy,30.37035369873047,0.8937145471572876
001566.npy,30.214651107788086,0.8930684328079224
001567.npy,29.542755126953125,0.8896827697753906
001568.npy,30.509078979492188,0.6886648535728455
001569.npy,28.434478759765625,0.5994864702224731
001570.npy,28.546375274658203,0.6055783629417419
001571.npy,28.333110809326172,0.5981593132019043
001572.npy,20.459880828857422,0.6136552691459656
001573.npy,21.050418853759766,0.7074939012527466
001574.npy,21.347625732421875,0.7174040079116821
001575.npy,21.060287475585938,0.7033841609954834
001576.npy,27.06702423095703,0.7999787330627441
001577.npy,36.98072814941406,0.9454474449157715
001578.npy,36.63027572631836,0.9397860765457153
001579.npy,36.399658203125,0.9367659091949463
001580.npy,36.888824462890625,0.9418036341667175
001581.npy,36.255393981933594,0.9329679608345032
001582.npy,36.636844635009766,0.936326801776886
001583.npy,34.185401916503906,0.9001052379608154
001584.npy,21.04660987854004,0.6078755855560303
001585.npy,23.492048263549805,0.7215548157691956
001586.npy,23.457555770874023,0.7455729246139526
001587.npy,23.59691619873047,0.7528131604194641
001588.npy,31.170074462890625,0.712668776512146
001589.npy,23.64018440246582,0.7708396315574646
001590.npy,22.83827781677246,0.7866073846817017
001591.npy,23.015975952148438,0.7831498980522156
001592.npy,25.8524227142334,0.6000688076019287
001593.npy,26.127952575683594,0.48630714416503906
001594.npy,29.313459396362305,0.6534331440925598
001595.npy,29.506195068359375,0.649324893951416
001596.npy,29.050264358520508,0.5280793905258179
001597.npy,28.35956382751465,0.805494487285614
001598.npy,27.772991180419922,0.7831796407699585
001599.npy,28.585195541381836,0.8226126432418823
001600.npy,30.15203094482422,0.7078943252563477
001601.npy,26.67605209350586,0.7910749912261963
001602.npy,24.31326675415039,0.7805508375167847
001603.npy,26.408187866210938,0.7881790399551392
001604.npy,31.12208366394043,0.8098182678222656
001605.npy,20.915143966674805,0.9177471995353699
001606.npy,21.877178192138672,0.929568886756897
001607.npy,21.02492332458496,0.9175704121589661
001608.npy,27.991867065429688,0.8728944659233093
001609.npy,27.826509475708008,0.8195265531539917
001610.npy,27.631977081298828,0.8384355306625366
001611.npy,26.58128547668457,0.8051751255989075
001612.npy,35.41598892211914,0.860338032245636
001613.npy,28.342647552490234,0.8361011743545532
001614.npy,29.530668258666992,0.8519790768623352
001615.npy,29.74737548828125,0.8538991212844849
001616.npy,27.664690017700195,0.7310507297515869
001617.npy,32.645687103271484,0.859606146812439
001618.npy,29.620101928710938,0.7365463376045227
001619.npy,31.87384796142578,0.8434684872627258
001620.npy,31.062442779541016,0.9055309295654297
001621.npy,32.01564025878906,0.8849854469299316
001622.npy,32.049747467041016,0.8802645206451416
001623.npy,33.02606201171875,0.9051127433776855
001624.npy,23.78028678894043,0.7719581127166748
001625.npy,24.831571578979492,0.7661426067352295
001626.npy,25.377758026123047,0.7737228870391846
001627.npy,25.23963165283203,0.770576536655426
001628.npy,30.12620735168457,0.8220139741897583
001629.npy,28.8875675201416,0.878786563873291
001630.npy,29.04074478149414,0.8738406896591187
001631.npy,29.104202270507812,0.8760451674461365
001632.npy,23.94283103942871,0.7609431743621826
001633.npy,29.5960636138916,0.643739640712738
001634.npy,29.86492919921875,0.6485469341278076
001635.npy,35.560081481933594,0.942678689956665
001636.npy,22.465373992919922,0.8667080402374268
001637.npy,24.82341957092285,0.8253573775291443
001638.npy,23.384191513061523,0.813925564289093
001639.npy,23.685653686523438,0.81125807762146
001640.npy,28.299171447753906,0.7699123024940491
001641.npy,32.49180603027344,0.789973258972168
001642.npy,30.155839920043945,0.7497434616088867
001643.npy,33.92685317993164,0.8364229798316956
001644.npy,29.03994369506836,0.8325836658477783
001645.npy,32.32508850097656,0.9545227289199829
001646.npy,32.27922821044922,0.9547989368438721
001647.npy,30.907569885253906,0.9431570768356323
001648.npy,23.27203941345215,0.6926712393760681
001649.npy,31.486494064331055,0.8464231491088867
001650.npy,31.847904205322266,0.8498786687850952
001651.npy,32.35032653808594,0.8659237623214722
001652.npy,34.03579330444336,0.8875268697738647
001653.npy,27.506488800048828,0.6043872833251953
001654.npy,28.107547760009766,0.6424782872200012
001655.npy,27.9263858795166,0.6387431621551514
001656.npy,29.770248413085938,0.9102548360824585
001657.npy,27.63493537902832,0.8016703128814697
001658.npy,25.99879264831543,0.7263323068618774
001659.npy,27.857877731323242,0.8154657483100891
001660.npy,31.65390968322754,0.8961028456687927
001661.npy,31.899547576904297,0.9337583780288696
001662.npy,30.203380584716797,0.9044177532196045
001663.npy,30.349536895751953,0.9129825830459595
001664.npy,23.189281463623047,0.6936383247375488
001665.npy,23.5800838470459,0.584925651550293
001666.npy,24.287769317626953,0.5741567611694336
001667.npy,24.34842872619629,0.6234740018844604
001668.npy,22.17715072631836,0.7522017955780029
001669.npy,21.463695526123047,0.3024592697620392
001670.npy,21.547510147094727,0.2869552671909332
001671.npy,22.906539916992188,0.3268110752105713
001672.npy,28.782224655151367,0.8386270999908447
001673.npy,33.945430755615234,0.9065845012664795
001674.npy,33.09288787841797,0.894352912902832
001675.npy,32.65098190307617,0.8914681077003479
001676.npy,24.509845733642578,0.8534519672393799
001677.npy,29.812519073486328,0.8294353485107422
001678.npy,28.835134506225586,0.8225335478782654
001679.npy,25.654468536376953,0.7825520038604736
001680.npy,29.378711700439453,0.8406070470809937
001681.npy,29.34379768371582,0.925799548625946
001682.npy,30.568754196166992,0.9438662528991699
001683.npy,29.45134925842285,0.9397671222686768
001684.npy,27.089492797851562,0.7703049182891846
001685.npy,33.15546798706055,0.9481016397476196
001686.npy,34.623191833496094,0.9620085954666138
001687.npy,35.188629150390625,0.9642339944839478
001688.npy,25.216861724853516,0.6463277339935303
001689.npy,28.94980239868164,0.6691685318946838
001690.npy,28.82174301147461,0.6648468971252441
001691.npy,28.87063217163086,0.6656867265701294
001692.npy,30.457765579223633,0.9170703291893005
001693.npy,28.06755256652832,0.8974255323410034
001694.npy,28.310565948486328,0.9018417596817017
001695.npy,27.440128326416016,0.8962817788124084
001696.npy,29.25774574279785,0.9237439632415771
001697.npy,31.64556121826172,0.7416714429855347
001698.npy,29.420251846313477,0.6366553902626038
001699.npy,25.98919105529785,0.521419107913971
001700.npy,31.26542091369629,0.9060451984405518
001701.npy,30.699466705322266,0.8921783566474915
001702.npy,31.45005226135254,0.879085123538971
001703.npy,29.585674285888672,0.8594703674316406
001704.npy,28.592622756958008,0.896069347858429
001705.npy,35.40823745727539,0.9354674816131592
001706.npy,36.74296188354492,0.9450050592422485
001707.npy,36.05497360229492,0.9404677152633667
001708.npy,25.081892013549805,0.6675481796264648
001709.npy,29.118682861328125,0.9079147577285767
001710.npy,30.428255081176758,0.931525468826294
001711.npy,29.474273681640625,0.9057892560958862
001712.npy,28.183712005615234,0.8601078987121582
001713.npy,29.55217742919922,0.8990440368652344
001714.npy,29.475223541259766,0.8976919054985046
001715.npy,29.770307540893555,0.9002782106399536
001716.npy,28.384952545166016,0.8765979409217834
001717.npy,30.819826126098633,0.7779439687728882
001718.npy,31.29686737060547,0.7906508445739746
001719.npy,30.18172264099121,0.7484538555145264
001720.npy,36.695587158203125,0.9507024884223938
001721.npy,28.283973693847656,0.8052211403846741
001722.npy,26.717815399169922,0.7781029939651489
001723.npy,27.227258682250977,0.7804189920425415
001724.npy,28.115947723388672,0.7888827323913574
001725.npy,25.01206398010254,0.7185598015785217
001726.npy,24.359622955322266,0.7010913491249084
001727.npy,23.859638214111328,0.707870364189148
001728.npy,25.26645278930664,0.886867880821228
001729.npy,19.790441513061523,0.6328659057617188
001730.npy,19.41069793701172,0.6295009851455688
001731.npy,19.40957260131836,0.6324187517166138
001732.npy,35.45100784301758,0.887010931968689
001733.npy,34.07089614868164,0.8395671248435974
001734.npy,34.92898178100586,0.8498404622077942
001735.npy,35.560550689697266,0.8613375425338745
001736.npy,30.81754493713379,0.8905796408653259
001737.npy,29.085289001464844,0.8605296611785889
001738.npy,29.736745834350586,0.8802056312561035
001739.npy,29.196271896362305,0.8672173619270325
001740.npy,31.16222381591797,0.7938818335533142
001741.npy,30.891277313232422,0.8791650533676147
001742.npy,29.873451232910156,0.8530822992324829
001743.npy,31.172420501708984,0.8946126699447632
001744.npy,21.079612731933594,0.5923650860786438
001745.npy,21.27484130859375,0.726482093334198
001746.npy,21.23550033569336,0.7240796089172363
001747.npy,20.707435607910156,0.6758442521095276
001748.npy,23.055992126464844,0.6541886329650879
001749.npy,26.26403045654297,0.6721384525299072
001750.npy,26.753150939941406,0.6697306036949158
001751.npy,26.66864013671875,0.6682128310203552
001752.npy,36.55838394165039,0.9378668069839478
001753.npy,24.914146423339844,0.8775065541267395
001754.npy,24.096630096435547,0.8564724922180176
001755.npy,24.72156524658203,0.8657042980194092
001756.npy,30.59095001220703,0.8966897130012512
001757.npy,34.05510330200195,0.8973590731620789
001758.npy,33.91389465332031,0.8978171944618225
001759.npy,33.915889739990234,0.8944383263587952
001760.npy,32.02044677734375,0.817206859588623
001761.npy,25.52182960510254,0.7297078371047974
001762.npy,23.086557388305664,0.694022536277771
001763.npy,26.41537857055664,0.7339709401130676
001764.npy,26.305849075317383,0.44447559118270874
001765.npy,28.683931350708008,0.49957817792892456
001766.npy,28.807458877563477,0.5013419389724731
001767.npy,29.09868049621582,0.5061561465263367
001768.npy,33.272823333740234,0.9159575700759888
001769.npy,26.974470138549805,0.7309877872467041
001770.npy,28.091384887695312,0.7715339660644531
001771.npy,28.516891479492188,0.7480423450469971
001772.npy,21.837459564208984,0.7076472043991089
001773.npy,27.358226776123047,0.7143861055374146
001774.npy,27.371435165405273,0.7078406810760498
001775.npy,26.641815185546875,0.6692260503768921
001776.npy,20.146690368652344,0.7211158275604248
001777.npy,23.187458038330078,0.7727071046829224
001778.npy,23.331928253173828,0.803191065788269
001779.npy,22.955427169799805,0.7951777577400208
001780.npy,29.368759155273438,0.8236710429191589
001781.npy,25.41704559326172,0.34485116600990295
001782.npy,26.19399642944336,0.38236039876937866
001783.npy,25.87308120727539,0.3625892996788025
001784.npy,27.803258895874023,0.8610306978225708
001785.npy,25.671091079711914,0.8440219163894653
001786.npy,25.84758758544922,0.8453090786933899
001787.npy,25.805206298828125,0.8429403305053711
001788.npy,29.593093872070312,0.8983473181724548
001789.npy,23.81328582763672,0.6662147045135498
001790.npy,24.51409912109375,0.7051961421966553
001791.npy,24.62354278564453,0.698045015335083
001792.npy,23.554899215698242,0.5255689024925232
001793.npy,23.47536277770996,0.6343903541564941
001794.npy,23.21552085876465,0.637708306312561
001795.npy,23.02398681640625,0.6569597721099854
001796.npy,32.054725646972656,0.8625960350036621
001797.npy,28.68704605102539,0.8504372835159302
001798.npy,26.345937728881836,0.8002442717552185
001799.npy,28.5853214263916,0.8516851663589478
001800.npy,32.47419357299805,0.8803783655166626
001801.npy,36.821102142333984,0.9207260608673096
001802.npy,37.09556198120117,0.9252732992172241
001803.npy,36.676029205322266,0.9200849533081055
001804.npy,32.63453674316406,0.9262450337409973
001805.npy,26.46668243408203,0.7880957126617432
001806.npy,25.7218074798584,0.7731587886810303
001807.npy,26.734407424926758,0.8010369539260864
001808.npy,28.97819709777832,0.896640419960022
001809.npy,37.904457092285156,0.9673099517822266
001810.npy,37.69102096557617,0.9747569561004639
001811.npy,38.65463638305664,0.97336745262146
001812.npy,26.94797134399414,0.8195699453353882
001813.npy,24.73493766784668,0.8413481116294861
001814.npy,25.181621551513672,0.858159065246582
001815.npy,25.207218170166016,0.8158917427062988
001816.npy,28.756641387939453,0.8611148595809937
001817.npy,32.72528839111328,0.8289169073104858
001818.npy,32.61869430541992,0.8455231189727783
001819.npy,32.165409088134766,0.8147468566894531
001820.npy,22.442834854125977,0.6984460353851318
001821.npy,22.717992782592773,0.7125158309936523
001822.npy,22.046001434326172,0.6946529150009155
001823.npy,22.846498489379883,0.7025665044784546
001824.npy,28.372507095336914,0.854852020740509
001825.npy,39.922813415527344,0.9731666445732117
001826.npy,42.275142669677734,0.9758425951004028
001827.npy,44.12580871582031,0.9710213541984558
001828.npy,28.003509521484375,0.6023178100585938
001829.npy,27.44927978515625,0.8712692260742188
001830.npy,27.285518646240234,0.8618476986885071
001831.npy,26.7808837890625,0.8545764684677124
001832.npy,21.516382217407227,0.6471340656280518
001833.npy,26.146625518798828,0.8396533727645874
001834.npy,25.686782836914062,0.8304861187934875
001835.npy,25.05699348449707,0.8153975009918213
001836.npy,23.231943130493164,0.7210706472396851
001837.npy,26.241161346435547,0.7677250504493713
001838.npy,25.932422637939453,0.7533910870552063
001839.npy,25.605318069458008,0.8025883436203003
001840.npy,26.80119514465332,0.9004751443862915
001841.npy,29.438995361328125,0.8146696090698242
001842.npy,30.06554412841797,0.8163657188415527
001843.npy,30.399782180786133,0.816412091255188
001844.npy,27.20730209350586,0.6893928050994873
001845.npy,31.896732330322266,0.7898313999176025
001846.npy,32.270347595214844,0.8033420443534851
001847.npy,31.952159881591797,0.791815459728241
001848.npy,19.945573806762695,0.7878135442733765
001849.npy,30.520021438598633,0.7300117015838623
001850.npy,30.336532592773438,0.7250634431838989
001851.npy,30.718297958374023,0.7372798919677734
001852.npy,29.396364212036133,0.7450453042984009
001853.npy,30.13444709777832,0.7893211841583252
001854.npy,30.910327911376953,0.8328036665916443
001855.npy,30.53582000732422,0.819441556930542
001856.npy,36.34133529663086,0.9265462160110474
001857.npy,35.84922409057617,0.9558357000350952
001858.npy,35.01959991455078,0.9322338104248047
001859.npy,36.84891128540039,0.9554561376571655
001860.npy,35.00290298461914,0.8390021324157715
001861.npy,30.92853355407715,0.6571316123008728
001862.npy,31.142826080322266,0.6511149406433105
001863.npy,30.769695281982422,0.6420435309410095
001864.npy,22.198951721191406,0.5905683040618896
001865.npy,33.20420837402344,0.8446102738380432
001866.npy,33.13143539428711,0.8506076335906982
001867.npy,33.20156478881836,0.8480205535888672
001868.npy,28.209627151489258,0.83090740442276
001869.npy,28.994062423706055,0.8202559947967529
001870.npy,29.630321502685547,0.8400437831878662
001871.npy,30.14049530029297,0.8543236255645752
001872.npy,19.847814559936523,0.6473659873008728
001873.npy,22.76056671142578,0.7624120712280273
001874.npy,22.97701644897461,0.774438738822937
001875.npy,22.798477172851562,0.7698686122894287
001876.npy,27.23250961303711,0.7727018594741821
001877.npy,35.62762451171875,0.8952818512916565
001878.npy,35.04137420654297,0.8939672112464905
001879.npy,35.47977066040039,0.8882055282592773
001880.npy,26.15949821472168,0.7318328619003296
001881.npy,26.4700984954834,0.777623176574707
001882.npy,26.035594940185547,0.7655673027038574
001883.npy,26.45953941345215,0.7777125835418701
001884.npy,37.696380615234375,0.9795739650726318
001885.npy,35.07874298095703,0.9773987531661987
001886.npy,33.601409912109375,0.9748901128768921
001887.npy,32.879085540771484,0.9720785617828369
001888.npy,24.251083374023438,0.8157726526260376
001889.npy,34.31301498413086,0.9018990993499756
001890.npy,33.43305206298828,0.888506293296814
001891.npy,33.775821685791016,0.8991783857345581
001892.npy,27.4058837890625,0.8922988772392273
001893.npy,25.27737808227539,0.8199876546859741
001894.npy,25.99431037902832,0.8407734632492065
001895.npy,26.92560577392578,0.8606980443000793
001896.npy,31.24587631225586,0.9192642569541931
001897.npy,27.27037811279297,0.42372560501098633
001898.npy,27.450056076049805,0.44029808044433594
001899.npy,27.026134490966797,0.4261440336704254
001900.npy,32.56951904296875,0.9275941848754883
001901.npy,34.650474548339844,0.964491605758667
001902.npy,35.864627838134766,0.966759443283081
001903.npy,34.3773078918457,0.9584429264068604
001904.npy,29.1521053314209,0.8328009247779846
001905.npy,29.545839309692383,0.8769791126251221
001906.npy,29.907052993774414,0.8622499704360962
001907.npy,30.089096069335938,0.8660411238670349
001908.npy,19.930862426757812,0.6525967121124268
001909.npy,32.21283721923828,0.8894435167312622
001910.npy,30.389446258544922,0.8737605810165405
001911.npy,31.988048553466797,0.8816123008728027
001912.npy,21.284868240356445,0.7570334672927856
001913.npy,24.74028778076172,0.7079094648361206
001914.npy,24.52181625366211,0.705055832862854
001915.npy,25.05038833618164,0.6955333948135376
001916.npy,21.577613830566406,0.5692681074142456
001917.npy,26.058759689331055,0.7557022571563721
001918.npy,27.155420303344727,0.7684093713760376
001919.npy,26.22930908203125,0.7722439765930176
001920.npy,31.705257415771484,0.9315793514251709
001921.npy,23.960054397583008,0.6479090452194214
001922.npy,23.637042999267578,0.6400033831596375
001923.npy,24.116661071777344,0.6492161154747009
001924.npy,26.982786178588867,0.7983752489089966
001925.npy,23.404300689697266,0.2506430745124817
001926.npy,24.20206069946289,0.26803824305534363
001927.npy,23.893518447875977,0.2659214735031128
001928.npy,22.089553833007812,0.6936219930648804
001929.npy,24.31053352355957,0.6871649026870728
001930.npy,24.35826873779297,0.6922553181648254
001931.npy,24.490718841552734,0.6950328350067139
001932.npy,29.34391212463379,0.8566545844078064
001933.npy,28.364879608154297,0.4992761015892029
001934.npy,28.388731002807617,0.4809389114379883
001935.npy,29.70172882080078,0.5451575517654419
001936.npy,28.174598693847656,0.77696692943573
001937.npy,25.683609008789062,0.3519967496395111
001938.npy,26.664941787719727,0.4015665054321289
001939.npy,26.936290740966797,0.40038543939590454
001940.npy,25.429386138916016,0.8277069330215454
001941.npy,23.341157913208008,0.7115097045898438
001942.npy,24.345848083496094,0.7558245658874512
001943.npy,24.07707977294922,0.74950110912323
001944.npy,27.095035552978516,0.7587726712226868
001945.npy,25.646377563476562,0.789621114730835
001946.npy,26.259410858154297,0.8143203258514404
001947.npy,25.247821807861328,0.7973119020462036
001948.npy,24.70284652709961,0.6867411136627197
001949.npy,28.21356201171875,0.8718982338905334
001950.npy,28.07305335998535,0.8756451606750488
001951.npy,27.947404861450195,0.8803434371948242
001952.npy,21.7598819732666,0.6638927459716797
001953.npy,36.56764221191406,0.9516092538833618
001954.npy,36.461761474609375,0.954963207244873
001955.npy,33.9044189453125,0.9464249610900879
001956.npy,21.723146438598633,0.6468901634216309
001957.npy,30.328304290771484,0.6190690398216248
001958.npy,30.818683624267578,0.6377813220024109
001959.npy,30.689184188842773,0.6244373321533203
001960.npy,32.05439758300781,0.8477461338043213
001961.npy,32.873172760009766,0.9368587732315063
001962.npy,32.12173843383789,0.9390466213226318
001963.npy,33.11376190185547,0.9306252002716064
001964.npy,23.439964294433594,0.6228368282318115
001965.npy,26.760122299194336,0.7620518803596497
001966.npy,27.55779457092285,0.768429696559906
001967.npy,27.315792083740234,0.7693914175033569
001968.npy,35.632293701171875,0.9122957587242126
001969.npy,29.410734176635742,0.6027529835700989
001970.npy,29.41921615600586,0.6081804037094116
001971.npy,29.53497886657715,0.611120343208313
001972.npy,20.856815338134766,0.7894657850265503
001973.npy,23.01145362854004,0.889951229095459
001974.npy,23.372087478637695,0.8867795467376709
001975.npy,24.275724411010742,0.9000492095947266
001976.npy,19.69718360900879,0.8194433450698853
001977.npy,21.685283660888672,0.21607737243175507
001978.npy,22.004392623901367,0.23423409461975098
001979.npy,21.40005874633789,0.2875751256942749
001980.npy,29.453651428222656,0.9157113432884216
001981.npy,25.096290588378906,0.834627628326416
001982.npy,26.400466918945312,0.8708460330963135
001983.npy,25.419828414916992,0.8336293697357178
001984.npy,31.908706665039062,0.856338381767273
001985.npy,31.964237213134766,0.8382335901260376
001986.npy,32.66458511352539,0.8595260381698608
001987.npy,31.741254806518555,0.827925443649292
001988.npy,33.92326354980469,0.9737518429756165
001989.npy,36.97835159301758,0.9630733728408813
001990.npy,35.45919418334961,0.9456844329833984
001991.npy,36.64668273925781,0.9605053663253784
001992.npy,37.247955322265625,0.9843647480010986
001993.npy,24.172565460205078,0.6833144426345825
001994.npy,24.815187454223633,0.7169042825698853
001995.npy,24.088106155395508,0.6882576942443848
001996.npy,27.460363388061523,0.8815818428993225
001997.npy,30.484750747680664,0.7637072801589966
001998.npy,30.79743194580078,0.8029594421386719
001999.npy,30.536495208740234,0.7837965488433838
002000.npy,22.572452545166016,0.7326973676681519
002001.npy,28.546733856201172,0.5229988694190979
002002.npy,29.3555908203125,0.5628725290298462
002003.npy,29.43124008178711,0.5623849034309387
002004.npy,31.475812911987305,0.6589542627334595
002005.npy,26.008501052856445,0.8349786996841431
002006.npy,24.71795654296875,0.8052964210510254
002007.npy,26.118574142456055,0.8381343483924866
002008.npy,25.927141189575195,0.7608306407928467
002009.npy,30.378372192382812,0.7976195812225342
002010.npy,31.260494232177734,0.7571929097175598
002011.npy,31.168119430541992,0.7341241836547852
002012.npy,27.343406677246094,0.8235209584236145
002013.npy,31.636878967285156,0.9059821963310242
002014.npy,31.788366317749023,0.912826418876648
002015.npy,32.42604446411133,0.9226669073104858
002016.npy,31.552831649780273,0.8518021106719971
002017.npy,24.591571807861328,0.7545871734619141
002018.npy,23.970930099487305,0.7357980608940125
002019.npy,24.19602394104004,0.7390487194061279
002020.npy,30.06163787841797,0.9171048402786255
002021.npy,26.345428466796875,0.7014475464820862
002022.npy,26.24342918395996,0.6745737791061401
002023.npy,26.562664031982422,0.714272141456604
002024.npy,20.584213256835938,0.718390703201294
002025.npy,28.115806579589844,0.8166971206665039
002026.npy,27.715986251831055,0.7991786599159241
002027.npy,27.226337432861328,0.7935523986816406
002028.npy,21.499879837036133,0.6231728792190552
002029.npy,29.29422378540039,0.7687963247299194
002030.npy,29.165512084960938,0.783643364906311
002031.npy,30.342575073242188,0.8040413856506348
002032.npy,23.572542190551758,0.6419538855552673
002033.npy,27.7633113861084,0.7758141756057739
002034.npy,27.3560733795166,0.7747910022735596
002035.npy,27.583494186401367,0.7740387916564941
002036.npy,36.24113464355469,0.8921369910240173
002037.npy,28.26821517944336,0.4949224591255188
002038.npy,25.465682983398438,0.39800500869750977
002039.npy,27.70822525024414,0.481117308139801
002040.npy,20.243114471435547,0.5873920321464539
002041.npy,17.607662200927734,0.516811728477478
002042.npy,18.010461807250977,0.5081651210784912
002043.npy,17.696216583251953,0.5180191993713379
002044.npy,24.613981246948242,0.8169996738433838
002045.npy,23.987367630004883,0.7945306301116943
002046.npy,23.82958221435547,0.7936601638793945
002047.npy,24.256282806396484,0.8093357682228088
002048.npy,28.419235229492188,0.8909481763839722
002049.npy,33.525569915771484,0.8912084102630615
002050.npy,34.66947937011719,0.9108479022979736
002051.npy,33.742462158203125,0.8979215621948242
002052.npy,25.867433547973633,0.8723506927490234
002053.npy,25.572357177734375,0.7627456188201904
002054.npy,25.54792022705078,0.7762151956558228
002055.npy,25.589963912963867,0.7758257389068604
002056.npy,31.430625915527344,0.938057541847229
002057.npy,30.129562377929688,0.9080975651741028
002058.npy,30.21590232849121,0.8982852697372437
002059.npy,31.081920623779297,0.9175707101821899
002060.npy,24.193754196166992,0.834418535232544
002061.npy,29.22888946533203,0.7565598487854004
002062.npy,28.436697006225586,0.7354382872581482
002063.npy,29.108169555664062,0.7570241689682007
002064.npy,27.31800079345703,0.4493751525878906
002065.npy,23.696273803710938,0.6866985559463501
002066.npy,23.451854705810547,0.6726529598236084
002067.npy,23.860387802124023,0.706836998462677
002068.npy,25.159530639648438,0.7208621501922607
002069.npy,37.17685317993164,0.9408873319625854
002070.npy,37.74018478393555,0.9420841336250305
002071.npy,37.64757537841797,0.9367332458496094
002072.npy,21.107282638549805,0.6667336821556091
002073.npy,19.561664581298828,0.6999056935310364
002074.npy,19.86485481262207,0.7099968194961548
002075.npy,19.42230987548828,0.7115877866744995
002076.npy,27.32957649230957,0.7215233445167542
002077.npy,26.616893768310547,0.8805174827575684
002078.npy,26.61431884765625,0.8846214413642883
002079.npy,25.74394416809082,0.8610531091690063
002080.npy,22.94095230102539,0.7572604417800903
002081.npy,30.616382598876953,0.6044909954071045
002082.npy,29.965702056884766,0.5799842476844788
002083.npy,30.886093139648438,0.6100321412086487
002084.npy,31.013320922851562,0.8602942228317261
002085.npy,26.761062622070312,0.6109734177589417
002086.npy,26.958080291748047,0.631494402885437
002087.npy,26.952865600585938,0.6321055889129639
002088.npy,25.162742614746094,0.7216973304748535
002089.npy,35.18329620361328,0.8773819208145142
002090.npy,32.850650787353516,0.8169702291488647
002091.npy,36.20542526245117,0.8830506801605225
002092.npy,23.761146545410156,0.7658061981201172
002093.npy,31.812753677368164,0.9223576784133911
002094.npy,30.853965759277344,0.9018374681472778
002095.npy,31.115951538085938,0.912136435508728
002096.npy,27.085607528686523,0.7941200137138367
002097.npy,30.403852462768555,0.684058427810669
002098.npy,30.968387603759766,0.7045116424560547
002099.npy,30.40891456604004,0.6751802563667297
002100.npy,29.546287536621094,0.5454941987991333
002101.npy,30.16152572631836,0.8768488168716431
002102.npy,30.261520385742188,0.8820823431015015
002103.npy,29.514305114746094,0.8639636635780334
002104.npy,32.85161590576172,0.912562906742096
002105.npy,33.566184997558594,0.821257472038269
002106.npy,31.165748596191406,0.6685782670974731
002107.npy,30.64773178100586,0.6585274934768677
002108.npy,27.65180206298828,0.464472234249115
002109.npy,27.006929397583008,0.8399814367294312
002110.npy,26.56317138671875,0.8269164562225342
002111.npy,27.323680877685547,0.8481231927871704
002112.npy,28.70067596435547,0.8891334533691406
002113.npy,28.346405029296875,0.8101736307144165
002114.npy,29.55998420715332,0.8475774526596069
002115.npy,28.911630630493164,0.8356505632400513
002116.npy,32.24073791503906,0.8869091272354126
002117.npy,21.178186416625977,0.5843423008918762
002118.npy,20.77932357788086,0.5783244371414185
002119.npy,20.51702880859375,0.5870128870010376
002120.npy,27.497093200683594,0.8483282327651978
002121.npy,28.175765991210938,0.7490540742874146
002122.npy,29.112091064453125,0.7712498903274536
002123.npy,28.913204193115234,0.7514321208000183
002124.npy,20.20540428161621,0.7287476658821106
002125.npy,20.613548278808594,0.7390936613082886
002126.npy,20.548370361328125,0.7480688691139221
002127.npy,19.807010650634766,0.7284182906150818
002128.npy,23.143875122070312,0.7405648827552795
002129.npy,33.27867126464844,0.9658303260803223
002130.npy,34.11097717285156,0.9689568281173706
002131.npy,33.60383224487305,0.9595218896865845
002132.npy,26.956214904785156,0.803484320640564
002133.npy,21.845216751098633,0.6330675482749939
002134.npy,22.26531219482422,0.6699258089065552
002135.npy,22.67910385131836,0.6574750542640686
002136.npy,22.418060302734375,0.6970155239105225
002137.npy,27.535207748413086,0.8366141319274902
002138.npy,27.414161682128906,0.836333155632019
002139.npy,27.868602752685547,0.8429767489433289
002140.npy,28.90190887451172,0.7894206047058105
002141.npy,37.34526824951172,0.9665327072143555
002142.npy,35.908111572265625,0.9296272397041321
002143.npy,28.80872344970703,0.5671625137329102
002144.npy,28.790863037109375,0.9009786248207092
002145.npy,21.895652770996094,0.5941816568374634
002146.npy,23.343219757080078,0.6235236525535583
002147.npy,22.509841918945312,0.6125304698944092
002148.npy,36.00800323486328,0.9637631177902222
002149.npy,35.09357452392578,0.918978214263916
002150.npy,35.277679443359375,0.9330768585205078
002151.npy,34.61994552612305,0.9159801006317139
002152.npy,24.690330505371094,0.7499142289161682
002153.npy,25.134986877441406,0.3345182538032532
002154.npy,25.13393211364746,0.3318004608154297
002155.npy,25.739839553833008,0.35113778710365295
002156.npy,25.846250534057617,0.813775897026062
002157.npy,29.685012817382812,0.7661107182502747
002158.npy,27.68614959716797,0.6444218158721924
002159.npy,29.19723129272461,0.7096157670021057
002160.npy,26.207672119140625,0.7971456050872803
002161.npy,23.10165786743164,0.6589066982269287
002162.npy,23.7247371673584,0.6808677315711975
002163.npy,23.494781494140625,0.6855631470680237
002164.npy,23.975765228271484,0.7910227179527283
002165.npy,31.791250228881836,0.8458420038223267
002166.npy,32.84742736816406,0.8686429858207703
002167.npy,32.31428909301758,0.8560606241226196
002168.npy,31.67621421813965,0.8458693623542786
002169.npy,29.40372085571289,0.8909889459609985
002170.npy,31.71831512451172,0.9278531074523926
002171.npy,31.403024673461914,0.9275709390640259
002172.npy,26.45566749572754,0.7945901155471802
002173.npy,25.427339553833008,0.8972989320755005
002174.npy,25.340147018432617,0.8958022594451904
002175.npy,26.217693328857422,0.9012558460235596
002176.npy,31.095733642578125,0.9218910932540894
002177.npy,27.248760223388672,0.6153714060783386
002178.npy,27.09914779663086,0.6119972467422485
002179.npy,27.179861068725586,0.6070761680603027
002180.npy,24.117252349853516,0.7141493558883667
002181.npy,29.709674835205078,0.8671481013298035
002182.npy,29.065940856933594,0.8648399114608765
002183.npy,29.301355361938477,0.8680450320243835
002184.npy,24.3643856048584,0.8234273195266724
002185.npy,32.60474395751953,0.9240956902503967
002186.npy,32.230857849121094,0.9196209907531738
002187.npy,32.182621002197266,0.9227699041366577
002188.npy,22.969215393066406,0.7108068466186523
002189.npy,24.651498794555664,0.8130192756652832
002190.npy,23.665111541748047,0.7833948135375977
002191.npy,25.20317268371582,0.8385131359100342
002192.npy,30.36664581298828,0.7055109143257141
002193.npy,32.796295166015625,0.7476959228515625
002194.npy,33.240848541259766,0.7496169209480286
002195.npy,32.88795471191406,0.7460957169532776
002196.npy,24.266860961914062,0.8575894236564636
002197.npy,33.876243591308594,0.9005835056304932
002198.npy,32.48310852050781,0.87233567237854
002199.npy,34.265071868896484,0.9072519540786743
002200.npy,24.99462127685547,0.6929848194122314
002201.npy,26.505651473999023,0.7938340902328491
002202.npy,26.33602523803711,0.7898156642913818
002203.npy,26.499340057373047,0.7926770448684692
002204.npy,19.606409072875977,0.8920994400978088
002205.npy,21.18670654296875,0.8607478737831116
002206.npy,20.982139587402344,0.862057089805603
002207.npy,21.182401657104492,0.863971471786499
002208.npy,22.240142822265625,0.5075269937515259
002209.npy,24.370935440063477,0.6776139736175537
002210.npy,25.023996353149414,0.7007043361663818
002211.npy,24.632665634155273,0.68513423204422
002212.npy,24.255908966064453,0.37188518047332764
002213.npy,34.73603057861328,0.8683441877365112
002214.npy,34.09246063232422,0.8646344542503357
002215.npy,34.06282043457031,0.8657933473587036
002216.npy,30.66338348388672,0.9060688614845276
002217.npy,39.14580154418945,0.949211835861206
002218.npy,37.77700424194336,0.9273199439048767
002219.npy,36.42025375366211,0.9123008251190186
002220.npy,32.68519973754883,0.8074148893356323
002221.npy,37.33000564575195,0.9354974031448364
002222.npy,37.196815490722656,0.9344968199729919
002223.npy,38.15779113769531,0.9414747357368469
002224.npy,45.614356994628906,0.9818146824836731
002225.npy,42.56928253173828,0.967035710811615
002226.npy,42.797122955322266,0.9680643677711487
002227.npy,42.69222640991211,0.9689486026763916
002228.npy,22.22739028930664,0.7751251459121704
002229.npy,32.76412582397461,0.8832659125328064
002230.npy,33.24876403808594,0.8928358554840088
002231.npy,31.94485855102539,0.8593416213989258
002232.npy,31.068607330322266,0.8371646404266357
002233.npy,29.714675903320312,0.8437395095825195
002234.npy,29.186294555664062,0.8358149528503418
002235.npy,28.59308433532715,0.8191083669662476
002236.npy,22.347686767578125,0.8021316528320312
002237.npy,23.94395637512207,0.8078112602233887
002238.npy,23.224853515625,0.7838027477264404
002239.npy,23.03609848022461,0.7861306667327881
002240.npy,33.024234771728516,0.8452271223068237
002241.npy,26.643030166625977,0.41206756234169006
002242.npy,26.761173248291016,0.42647412419319153
002243.npy,26.569900512695312,0.4243144989013672
002244.npy,21.440732955932617,0.8906452655792236
002245.npy,34.39146423339844,0.8519774675369263
002246.npy,32.64785385131836,0.844254732131958
002247.npy,32.82535934448242,0.8097389936447144
002248.npy,23.255128860473633,0.8069995641708374
002249.npy,29.49097442626953,0.8844277858734131
002250.npy,28.760147094726562,0.8732253909111023
002251.npy,28.46906852722168,0.8556765913963318
002252.npy,23.870725631713867,0.6663318276405334
002253.npy,26.90814208984375,0.6091432571411133
002254.npy,26.333248138427734,0.6094332933425903
002255.npy,26.695323944091797,0.6085512638092041
002256.npy,25.12014389038086,0.6225677728652954
002257.npy,20.5970401763916,0.8303359150886536
002258.npy,21.119342803955078,0.8348500728607178
002259.npy,20.75128936767578,0.8370935916900635
002260.npy,22.002286911010742,0.7518912553787231
002261.npy,31.995859146118164,0.887174129486084
002262.npy,31.93793487548828,0.8709031343460083
002263.npy,33.00077819824219,0.9016126394271851
002264.npy,23.024085998535156,0.9399442672729492
002265.npy,26.762351989746094,0.9148469567298889
002266.npy,27.215375900268555,0.9218044877052307
002267.npy,27.30502700805664,0.9240694046020508
002268.npy,27.53844451904297,0.8530681729316711
002269.npy,33.993934631347656,0.9013131856918335
002270.npy,34.6603889465332,0.9027971029281616
002271.npy,34.00229263305664,0.8924298882484436
002272.npy,30.164283752441406,0.9169749021530151
002273.npy,37.76601028442383,0.9453245997428894
002274.npy,38.24149703979492,0.9458677768707275
002275.npy,38.23848342895508,0.9465829730033875
002276.npy,32.67929458618164,0.8399173021316528
002277.npy,27.77596664428711,0.4928871989250183
002278.npy,29.12002182006836,0.5364112854003906
002279.npy,29.542713165283203,0.5581246614456177
002280.npy,32.71059799194336,0.9359623789787292
002281.npy,25.44517707824707,0.8247860670089722
002282.npy,25.62180519104004,0.837491512298584
002283.npy,25.189912796020508,0.8294190764427185
002284.npy,26.319778442382812,0.724120020866394
002285.npy,24.016197204589844,0.7617795467376709
002286.npy,24.06280517578125,0.7685861587524414
002287.npy,24.231857299804688,0.7745617628097534
002288.npy,29.36077308654785,0.8604202270507812
002289.npy,30.141277313232422,0.8756631016731262
002290.npy,30.43611717224121,0.8795785903930664
002291.npy,30.32119369506836,0.8704251050949097
002292.npy,27.281387329101562,0.7967610359191895
002293.npy,25.458770751953125,0.8034364581108093
002294.npy,24.993837356567383,0.7946798801422119
002295.npy,25.321964263916016,0.8178460597991943
002296.npy,30.185205459594727,0.8462274074554443
002297.npy,30.044357299804688,0.8297210335731506
002298.npy,30.420433044433594,0.8330364227294922
002299.npy,28.95530891418457,0.790014386177063
002300.npy,26.050031661987305,0.6179323792457581
002301.npy,34.413307189941406,0.8690478801727295
002302.npy,33.784263610839844,0.8488833904266357
002303.npy,32.84754180908203,0.8297455310821533
002304.npy,27.23220443725586,0.834259033203125
002305.npy,27.720678329467773,0.6722153425216675
002306.npy,27.108840942382812,0.6577205657958984
002307.npy,27.286264419555664,0.6633563041687012
002308.npy,27.332889556884766,0.8571697473526001
002309.npy,29.572891235351562,0.86606365442276
002310.npy,29.564029693603516,0.8591519594192505
002311.npy,29.603099822998047,0.8615290522575378
002312.npy,31.930156707763672,0.9402698874473572
002313.npy,27.632705688476562,0.8843282461166382
002314.npy,28.763513565063477,0.9029935598373413
002315.npy,27.050315856933594,0.8715413808822632
002316.npy,27.17987060546875,0.8637062311172485
002317.npy,19.17823028564453,0.6096655130386353
002318.npy,19.586318969726562,0.613198459148407
002319.npy,19.81464195251465,0.6275116801261902
002320.npy,29.718326568603516,0.9264273643493652
002321.npy,26.509244918823242,0.7981020212173462
002322.npy,26.146381378173828,0.7875574827194214
002323.npy,25.457435607910156,0.829437792301178
002324.npy,31.39391326904297,0.8742530941963196
002325.npy,31.200368881225586,0.8739594221115112
002326.npy,31.190073013305664,0.8706154823303223
002327.npy,31.825284957885742,0.8781070113182068
002328.npy,24.540950775146484,0.5550522208213806
002329.npy,30.83097267150879,0.6257191300392151
002330.npy,30.661800384521484,0.6195439100265503
002331.npy,26.484962463378906,0.48005959391593933
002332.npy,30.322402954101562,0.7628757357597351
002333.npy,36.36528396606445,0.873945415019989
002334.npy,36.54276657104492,0.8757143020629883
002335.npy,35.72615432739258,0.8632175922393799
002336.npy,21.915454864501953,0.6737762689590454
002337.npy,29.394176483154297,0.5514030456542969
002338.npy,28.219194412231445,0.4931616187095642
002339.npy,28.65563201904297,0.5043377876281738
002340.npy,27.16101837158203,0.6667271852493286
002341.npy,29.705322265625,0.7699663639068604
002342.npy,30.21975326538086,0.7840083241462708
002343.npy,30.498634338378906,0.7903487682342529
002344.npy,31.061838150024414,0.9163813591003418
002345.npy,32.54035568237305,0.8037275671958923
002346.npy,32.58342361450195,0.8044494390487671
002347.npy,32.68474197387695,0.8028864860534668
002348.npy,28.005170822143555,0.8871346712112427
002349.npy,25.645769119262695,0.6703711748123169
002350.npy,26.26755142211914,0.694146990776062
002351.npy,25.592863082885742,0.6515388488769531
002352.npy,28.125343322753906,0.8615545034408569
002353.npy,35.437015533447266,0.9458290934562683
002354.npy,36.33592987060547,0.948452353477478
002355.npy,35.773433685302734,0.9448800086975098
002356.npy,30.950021743774414,0.8918665647506714
002357.npy,40.847930908203125,0.9695111513137817
002358.npy,38.811553955078125,0.9689894318580627
002359.npy,43.139461517333984,0.9829862713813782
002360.npy,20.313793182373047,0.7228959798812866
002361.npy,25.067842483520508,0.8226078748703003
002362.npy,24.50516700744629,0.7995860576629639
002363.npy,24.786062240600586,0.8108127117156982
002364.npy,27.554595947265625,0.7966527342796326
002365.npy,35.02147674560547,0.9681925773620605
002366.npy,34.41168975830078,0.968438446521759
002367.npy,33.76239776611328,0.964152455329895
002368.npy,28.82878875732422,0.8344986438751221
002369.npy,34.84052658081055,0.9253724813461304
002370.npy,35.466312408447266,0.9349515438079834
002371.npy,35.176273345947266,0.9369168281555176
002372.npy,29.00067901611328,0.9086419939994812
002373.npy,29.784791946411133,0.8926703929901123
002374.npy,31.036455154418945,0.9049893617630005
002375.npy,29.48676300048828,0.8751918077468872
002376.npy,38.17643356323242,0.9393141269683838
002377.npy,25.408493041992188,0.750649631023407
002378.npy,25.15567970275879,0.7418322563171387
002379.npy,24.46478843688965,0.713589608669281
002380.npy,31.524953842163086,0.8603911399841309
002381.npy,26.58539581298828,0.4454583525657654
002382.npy,26.542970657348633,0.445379376411438
002383.npy,26.42938995361328,0.4321037232875824
002384.npy,33.33196258544922,0.8966668844223022
002385.npy,22.329376220703125,0.38188642263412476
002386.npy,22.544248580932617,0.3833077847957611
002387.npy,22.229297637939453,0.3725169003009796
002388.npy,25.487812042236328,0.820407509803772
002389.npy,24.805938720703125,0.6187636852264404
002390.npy,24.625215530395508,0.6185764670372009
002391.npy,26.21925163269043,0.6584076881408691
002392.npy,34.60025405883789,0.8996151089668274
002393.npy,21.298465728759766,0.7597835063934326
002394.npy,21.20100975036621,0.7539310455322266
002395.npy,20.75892448425293,0.732009768486023
002396.npy,26.32671546936035,0.7557716369628906
002397.npy,28.47507095336914,0.7208589315414429
002398.npy,28.26614761352539,0.7130011916160583
002399.npy,28.476375579833984,0.7022217512130737
002400.npy,24.409664154052734,0.819259524345398
002401.npy,21.515380859375,0.6169015169143677
002402.npy,21.432064056396484,0.6047788858413696
002403.npy,21.285751342773438,0.5943207740783691
002404.npy,24.22776222229004,0.775826632976532
002405.npy,34.25437927246094,0.9321593046188354
002406.npy,34.338653564453125,0.9259088635444641
002407.npy,35.0870475769043,0.9340404272079468
002408.npy,32.46495819091797,0.933425784111023
002409.npy,21.67498016357422,0.6877238750457764
002410.npy,22.132400512695312,0.7029094099998474
002411.npy,21.331867218017578,0.6561827659606934
002412.npy,26.948341369628906,0.7822660803794861
002413.npy,36.73566436767578,0.9593340754508972
002414.npy,36.759464263916016,0.9537031650543213
002415.npy,36.911643981933594,0.9512367248535156
002416.npy,21.573820114135742,0.7507675886154175
002417.npy,27.396480560302734,0.7978887557983398
002418.npy,28.3121280670166,0.8241569995880127
002419.npy,28.537113189697266,0.8115870952606201
002420.npy,33.16083526611328,0.8224496245384216
002421.npy,31.807832717895508,0.8915301561355591
002422.npy,32.73215866088867,0.916043221950531
002423.npy,32.79460906982422,0.9125559329986572
002424.npy,36.49384689331055,0.937385082244873
002425.npy,35.38132858276367,0.9299572706222534
002426.npy,35.96389389038086,0.9361491799354553
002427.npy,35.223304748535156,0.9260092377662659
002428.npy,28.265886306762695,0.809306263923645
002429.npy,28.11725616455078,0.7997801899909973
002430.npy,28.550336837768555,0.7977050542831421
002431.npy,27.051382064819336,0.7668510675430298
002432.npy,30.497961044311523,0.9317046999931335
002433.npy,28.297216415405273,0.7871227264404297
002434.npy,27.336397171020508,0.7398791909217834
002435.npy,26.664220809936523,0.7328732013702393
002436.npy,23.381019592285156,0.6879134178161621
002437.npy,21.640241622924805,0.2912752628326416
002438.npy,20.98015022277832,0.24737802147865295
002439.npy,20.66227912902832,0.23722420632839203
002440.npy,29.138376235961914,0.8614051342010498
002441.npy,29.98050880432129,0.8802309632301331
002442.npy,29.97970199584961,0.8802968263626099
002443.npy,30.163204193115234,0.875229001045227
002444.npy,32.66276931762695,0.9073317050933838
002445.npy,30.39522361755371,0.8217095732688904
002446.npy,29.95477867126465,0.820327639579773
002447.npy,28.620805740356445,0.7674593925476074
002448.npy,30.958019256591797,0.8695929646492004
002449.npy,33.35542297363281,0.8801420331001282
002450.npy,33.097084045410156,0.8774619102478027
002451.npy,32.93067169189453,0.8674719333648682
002452.npy,34.02788162231445,0.9137154817581177
002453.npy,27.299209594726562,0.8485245704650879
002454.npy,27.568553924560547,0.8512473702430725
002455.npy,28.683441162109375,0.88764888048172
002456.npy,32.93305969238281,0.7698923349380493
002457.npy,24.537527084350586,0.8445584774017334
002458.npy,23.742431640625,0.8270851969718933
002459.npy,24.982227325439453,0.8572888374328613
002460.npy,37.24543380737305,0.9242493510246277
002461.npy,33.652652740478516,0.8854148387908936
002462.npy,33.446083068847656,0.8941308856010437
002463.npy,33.650428771972656,0.8799111843109131
002464.npy,32.77583694458008,0.7177396416664124
002465.npy,27.33757972717285,0.7858568429946899
002466.npy,27.22705078125,0.8015589714050293
002467.npy,26.372806549072266,0.7653894424438477
002468.npy,17.415849685668945,0.6039721369743347
002469.npy,30.59096336364746,0.7292066812515259
002470.npy,30.447895050048828,0.6926366090774536
002471.npy,28.116710662841797,0.5206214189529419
002472.npy,22.480167388916016,0.8098541498184204
002473.npy,18.683198928833008,0.7874045372009277
002474.npy,18.69756317138672,0.7819292545318604
002475.npy,18.541147232055664,0.7778182029724121
002476.npy,29.037689208984375,0.7715430855751038
002477.npy,34.892765045166016,0.9371498823165894
002478.npy,34.67877197265625,0.9396176338195801
002479.npy,35.09312438964844,0.9435654282569885
002480.npy,26.171428680419922,0.8031047582626343
002481.npy,30.862457275390625,0.9605478048324585
002482.npy,33.09069061279297,0.9756583571434021
002483.npy,30.307247161865234,0.9565410017967224
002484.npy,35.960411071777344,0.9521531462669373
002485.npy,33.32715606689453,0.7719454765319824
002486.npy,33.49574661254883,0.7778663635253906
002487.npy,32.122406005859375,0.7700367569923401
002488.npy,26.802331924438477,0.7860050201416016
002489.npy,30.230131149291992,0.6846935749053955
002490.npy,30.54983139038086,0.708185613155365
002491.npy,29.697715759277344,0.6592627763748169
002492.npy,25.270118713378906,0.6370583772659302
002493.npy,22.83266258239746,0.6372499465942383
002494.npy,21.858139038085938,0.6162227988243103
002495.npy,22.105728149414062,0.6233581900596619
002496.npy,21.74713134765625,0.7803536057472229
002497.npy,30.686153411865234,0.7552579641342163
002498.npy,30.310365676879883,0.744916558265686
002499.npy,31.254589080810547,0.7683850526809692
002500.npy,27.958988189697266,0.8735479116439819
002501.npy,25.499282836914062,0.6392411589622498
002502.npy,25.520252227783203,0.6331408023834229
002503.npy,25.547073364257812,0.6308490037918091
002504.npy,26.63577651977539,0.7918740510940552
002505.npy,37.704864501953125,0.9517650008201599
002506.npy,38.57546615600586,0.9534517526626587
002507.npy,38.572669982910156,0.9547179937362671
002508.npy,27.35650634765625,0.7729654312133789
002509.npy,22.19186019897461,0.5106757879257202
002510.npy,21.834487915039062,0.5144381523132324
002511.npy,21.91863250732422,0.514365553855896
002512.npy,25.710220336914062,0.8251352906227112
002513.npy,31.848194122314453,0.9383341073989868
002514.npy,31.265766143798828,0.9255316853523254
002515.npy,31.769683837890625,0.9354172945022583
002516.npy,30.826871871948242,0.891268253326416
002517.npy,23.510066986083984,0.29500141739845276
002518.npy,23.646591186523438,0.3098736107349396
002519.npy,23.766502380371094,0.3351309895515442
002520.npy,28.551803588867188,0.8152496814727783
002521.npy,31.818056106567383,0.6553447246551514
002522.npy,33.68489456176758,0.754115879535675
002523.npy,31.936771392822266,0.6658369302749634
002524.npy,25.163328170776367,0.6861686706542969
002525.npy,26.02196502685547,0.8547878265380859
002526.npy,25.164772033691406,0.8188867568969727
002527.npy,25.443344116210938,0.833092212677002
002528.npy,27.991039276123047,0.9065664410591125
002529.npy,36.287288665771484,0.95975661277771
002530.npy,37.19779968261719,0.9645075798034668
002531.npy,37.908241271972656,0.9701563119888306
002532.npy,27.35143280029297,0.7589589953422546
002533.npy,18.7017822265625,0.5161374807357788
002534.npy,18.402925491333008,0.4996377229690552
002535.npy,18.433635711669922,0.5081740617752075
002536.npy,23.401988983154297,0.6713806390762329
002537.npy,11.310118675231934,0.32445186376571655
002538.npy,22.82503318786621,0.3127850592136383
002539.npy,11.369485855102539,0.3257994055747986
002540.npy,20.749431610107422,0.8412190675735474
002541.npy,22.157705307006836,0.9298418164253235
002542.npy,21.32552719116211,0.9174305200576782
002543.npy,21.446147918701172,0.9190189242362976
002544.npy,25.395584106445312,0.8235428929328918
002545.npy,27.159446716308594,0.7487389445304871
002546.npy,28.850322723388672,0.7880063056945801
002547.npy,27.51202392578125,0.7080197930335999
002548.npy,26.956134796142578,0.7722897529602051
002549.npy,30.747554779052734,0.9113162755966187
002550.npy,30.75425148010254,0.9126004576683044
002551.npy,30.90839195251465,0.9035512208938599
002552.npy,27.588031768798828,0.7949821949005127
002553.npy,29.874835968017578,0.656504213809967
002554.npy,30.344526290893555,0.6562974452972412
002555.npy,30.01041603088379,0.6455014944076538
002556.npy,31.880699157714844,0.9109978675842285
002557.npy,27.285846710205078,0.7845267057418823
002558.npy,28.309539794921875,0.804395318031311
002559.npy,27.781217575073242,0.8169236183166504
002560.npy,25.61153221130371,0.8306884169578552
002561.npy,27.535297393798828,0.8099702596664429
002562.npy,28.01664161682129,0.8181082606315613
002563.npy,27.660959243774414,0.8129802942276001
002564.npy,26.11821937561035,0.48631614446640015
002565.npy,24.228334426879883,0.4208839535713196
002566.npy,24.24317169189453,0.39146924018859863
002567.npy,25.223621368408203,0.4384552538394928
002568.npy,29.707565307617188,0.8179547786712646
002569.npy,35.00421142578125,0.810160219669342
002570.npy,27.292293548583984,0.5089229345321655
002571.npy,27.619918823242188,0.5066275596618652
002572.npy,33.28047561645508,0.948798418045044
002573.npy,32.876243591308594,0.8915048837661743
002574.npy,34.49256134033203,0.9281843900680542
002575.npy,34.003387451171875,0.9206224679946899
002576.npy,23.677942276000977,0.6783403754234314
002577.npy,31.106857299804688,0.9103519916534424
002578.npy,31.797780990600586,0.9109039902687073
002579.npy,29.965478897094727,0.874879002571106
002580.npy,21.20987319946289,0.6684706807136536
002581.npy,24.39408302307129,0.5403071641921997
002582.npy,23.028732299804688,0.49552473425865173
002583.npy,23.432283401489258,0.519567608833313
002584.npy,27.928247451782227,0.863318920135498
002585.npy,31.96775245666504,0.9060069918632507
002586.npy,32.16755294799805,0.9007858037948608
002587.npy,31.71785545349121,0.9005789756774902
002588.npy,25.880964279174805,0.8633595108985901
002589.npy,28.127342224121094,0.893795371055603
002590.npy,29.11913299560547,0.9090937972068787
002591.npy,27.754037857055664,0.8877756595611572
002592.npy,34.158538818359375,0.8960047960281372
002593.npy,32.202186584472656,0.7284073829650879
002594.npy,33.8044319152832,0.8124212026596069
002595.npy,34.53168869018555,0.8309246301651001
002596.npy,40.262088775634766,0.9805582761764526
002597.npy,26.8201847076416,0.8668904900550842
002598.npy,26.31218719482422,0.8564729690551758
002599.npy,26.069847106933594,0.85099858045578
002600.npy,30.96402931213379,0.8364027738571167
002601.npy,28.534931182861328,0.7067573666572571
002602.npy,28.072710037231445,0.6873780488967896
002603.npy,28.220569610595703,0.7119367122650146
002604.npy,29.643774032592773,0.7199336886405945
002605.npy,23.21779441833496,0.2904253602027893
002606.npy,25.670513153076172,0.3649930953979492
002607.npy,23.118131637573242,0.2896631360054016
002608.npy,36.51981735229492,0.93919837474823
002609.npy,31.750699996948242,0.9353750348091125
002610.npy,30.068401336669922,0.9172118902206421
002611.npy,30.532968521118164,0.9287598133087158
002612.npy,30.224924087524414,0.8278273344039917
002613.npy,32.508399963378906,0.8924718499183655
002614.npy,32.0845832824707,0.8819445371627808
002615.npy,31.97290802001953,0.8839138746261597
002616.npy,23.90436363220215,0.7005912065505981
002617.npy,27.029888153076172,0.8101378679275513
002618.npy,27.088537216186523,0.8117377758026123
002619.npy,27.07846450805664,0.8259624242782593
002620.npy,24.023212432861328,0.3735983967781067
002621.npy,31.170873641967773,0.820203423500061
002622.npy,30.96430778503418,0.8188326358795166
002623.npy,30.263565063476562,0.8018780946731567
002624.npy,27.61174201965332,0.48374658823013306
002625.npy,25.36918830871582,0.4617208242416382
002626.npy,25.910547256469727,0.46469125151634216
002627.npy,25.64471435546875,0.4659053087234497
002628.npy,33.53009796142578,0.9133946299552917
002629.npy,29.28992462158203,0.8731624484062195
002630.npy,29.92147445678711,0.8875011801719666
002631.npy,29.979537963867188,0.8899386525154114
002632.npy,26.155391693115234,0.8046413660049438
002633.npy,23.65906524658203,0.42642709612846375
002634.npy,23.201358795166016,0.43261513113975525
002635.npy,21.216426849365234,0.3994215726852417
002636.npy,22.49643325805664,0.8094354271888733
002637.npy,11.396918296813965,0.33304405212402344
002638.npy,11.344884872436523,0.3269506096839905
002639.npy,11.382526397705078,0.3290393352508545
002640.npy,24.787729263305664,0.784444272518158
002641.npy,22.22624969482422,0.7371839284896851
002642.npy,22.450044631958008,0.7422692775726318
002643.npy,22.179519653320312,0.7346004247665405
002644.npy,31.06525421142578,0.8904906511306763
002645.npy,34.14313888549805,0.9204356670379639
002646.npy,33.65971755981445,0.9170087575912476
002647.npy,32.19668960571289,0.8957933783531189
002648.npy,29.420379638671875,0.7841078639030457
002649.npy,24.715139389038086,0.35076066851615906
002650.npy,24.71407699584961,0.36171630024909973
002651.npy,25.41740608215332,0.3720858693122864
002652.npy,31.239309310913086,0.9316953420639038
002653.npy,23.51525115966797,0.6685283780097961
002654.npy,23.669031143188477,0.7013468742370605
002655.npy,23.08789825439453,0.6480515599250793
002656.npy,27.213985443115234,0.792733371257782
002657.npy,30.939083099365234,0.8257236480712891
002658.npy,30.603343963623047,0.8108435273170471
002659.npy,31.196495056152344,0.8295000791549683
002660.npy,27.766483306884766,0.845226526260376
002661.npy,33.945411682128906,0.9305256605148315
002662.npy,34.18293762207031,0.9311954975128174
002663.npy,33.95855712890625,0.9299509525299072
002664.npy,30.86067008972168,0.9050885438919067
002665.npy,27.487211227416992,0.80548095703125
002666.npy,26.99882698059082,0.7886344194412231
002667.npy,26.52151107788086,0.7788129448890686
002668.npy,26.356325149536133,0.7075518369674683
002669.npy,25.906829833984375,0.7850581407546997
002670.npy,26.484535217285156,0.7892294526100159
002671.npy,26.248859405517578,0.7876768112182617
002672.npy,22.433818817138672,0.7541912794113159
002673.npy,29.074939727783203,0.8752965927124023
002674.npy,28.155662536621094,0.8620515465736389
002675.npy,26.265275955200195,0.8200021982192993
002676.npy,30.032636642456055,0.7496261596679688
002677.npy,28.07622528076172,0.7340565919876099
002678.npy,28.45348358154297,0.7596210241317749
002679.npy,27.79843521118164,0.743567705154419
002680.npy,27.17249298095703,0.8225773572921753
002681.npy,20.998306274414062,0.8148852586746216
002682.npy,21.511428833007812,0.8155276775360107
002683.npy,20.975645065307617,0.8226644992828369
002684.npy,25.126359939575195,0.7334977388381958
002685.npy,32.039188385009766,0.9423879981040955
002686.npy,31.30487632751465,0.9325835704803467
002687.npy,34.26129913330078,0.9441878795623779
002688.npy,26.8748836517334,0.8766021728515625
002689.npy,27.589521408081055,0.8534991145133972
002690.npy,26.662372589111328,0.839120626449585
002691.npy,26.497638702392578,0.835957407951355
002692.npy,36.98240661621094,0.9418787360191345
002693.npy,37.95607376098633,0.9540010094642639
002694.npy,22.785945892333984,0.2986419200897217
002695.npy,23.03046989440918,0.30943605303764343
002696.npy,30.698570251464844,0.840490996837616
002697.npy,25.39838981628418,0.3626050651073456
002698.npy,24.53644561767578,0.33644241094589233
002699.npy,24.555606842041016,0.3972126841545105
002700.npy,25.805213928222656,0.7276738882064819
002701.npy,33.30818176269531,0.8379992246627808
002702.npy,34.69202423095703,0.863993763923645
002703.npy,34.92665481567383,0.8651843070983887
002704.npy,18.90929412841797,0.6948171854019165
002705.npy,24.48752212524414,0.8575818538665771
002706.npy,23.18233871459961,0.8386887311935425
002707.npy,24.539432525634766,0.8624519109725952
002708.npy,25.885040283203125,0.6271533966064453
002709.npy,28.384389877319336,0.7546344995498657
002710.npy,27.917707443237305,0.7358078956604004
002711.npy,27.50912094116211,0.7176076769828796
002712.npy,31.132850646972656,0.7959205508232117
002713.npy,20.846927642822266,0.349969744682312
002714.npy,21.166698455810547,0.3228347599506378
002715.npy,20.693796157836914,0.3591500520706177
002716.npy,18.795747756958008,0.6340890526771545
002717.npy,27.515777587890625,0.8162064552307129
002718.npy,26.646883010864258,0.7897636294364929
002719.npy,26.810195922851562,0.795128345489502
002720.npy,22.129013061523438,0.7924952507019043
002721.npy,20.614967346191406,0.6931405663490295
002722.npy,20.468252182006836,0.6872053146362305
002723.npy,20.532663345336914,0.6828484535217285
002724.npy,28.280853271484375,0.8150210380554199
002725.npy,32.50171661376953,0.881591260433197
002726.npy,33.6933708190918,0.9053154587745667
002727.npy,33.353702545166016,0.8958805799484253
002728.npy,20.5025577545166,0.5039231777191162
002729.npy,35.7443733215332,0.9410465955734253
002730.npy,36.12533187866211,0.9474465250968933
002731.npy,34.192901611328125,0.9368759393692017
002732.npy,27.346046447753906,0.8505255579948425
002733.npy,29.62904167175293,0.8402741551399231
002734.npy,28.493389129638672,0.7943542003631592
002735.npy,30.166812896728516,0.8468528985977173
002736.npy,29.23053741455078,0.8759941458702087
002737.npy,28.318546295166016,0.8382225632667542
002738.npy,26.941469192504883,0.8056581020355225
002739.npy,27.087596893310547,0.8147708773612976
002740.npy,30.109155654907227,0.8273815512657166
002741.npy,20.615745544433594,0.6192271709442139
002742.npy,21.356124877929688,0.6539589166641235
002743.npy,20.16845703125,0.6090947389602661
002744.npy,19.1241512298584,0.6684120893478394
002745.npy,31.021669387817383,0.7905411720275879
002746.npy,30.68532943725586,0.7877974510192871
002747.npy,30.813743591308594,0.7865556478500366
002748.npy,30.58990478515625,0.862757682800293
002749.npy,25.78300666809082,0.6894925832748413
002750.npy,25.804229736328125,0.6913518905639648
002751.npy,25.755611419677734,0.6877330541610718
002752.npy,30.088598251342773,0.8766118288040161
002753.npy,33.81106185913086,0.9171434044837952
002754.npy,36.15040588378906,0.9426442980766296
002755.npy,34.919517517089844,0.9306031465530396
002756.npy,33.57417678833008,0.7999438047409058
002757.npy,23.025056838989258,0.3154919147491455
002758.npy,22.904861450195312,0.2941782474517822
002759.npy,23.29303741455078,0.3566937744617462
002760.npy,31.823780059814453,0.9124331474304199
002761.npy,29.722919464111328,0.9385696649551392
002762.npy,31.088123321533203,0.9304803609848022
002763.npy,30.43583869934082,0.9158166646957397
002764.npy,27.547704696655273,0.7425362467765808
002765.npy,35.27406311035156,0.8191018104553223
002766.npy,34.81641387939453,0.8119559288024902
002767.npy,34.739830017089844,0.821495771408081
002768.npy,31.158370971679688,0.9275422096252441
002769.npy,24.898893356323242,0.46439144015312195
002770.npy,26.48497772216797,0.5302507877349854
002771.npy,25.221485137939453,0.466464102268219
002772.npy,29.38516616821289,0.930418848991394
002773.npy,28.23300552368164,0.8175426125526428
002774.npy,27.743423461914062,0.8003530502319336
002775.npy,27.322864532470703,0.8018393516540527
002776.npy,19.524883270263672,0.6707127690315247
002777.npy,23.741548538208008,0.7821154594421387
002778.npy,22.95732879638672,0.773517906665802
002779.npy,22.723270416259766,0.769476056098938
002780.npy,26.56926155090332,0.620119571685791
002781.npy,24.22968292236328,0.7677938938140869
002782.npy,24.451963424682617,0.7740600109100342
002783.npy,24.190895080566406,0.7665470838546753
002784.npy,28.237911224365234,0.8028355836868286
002785.npy,26.318452835083008,0.7826999425888062
002786.npy,26.20048713684082,0.7858890295028687
002787.npy,26.522188186645508,0.7792717218399048
002788.npy,29.47457504272461,0.6671929955482483
002789.npy,23.548664093017578,0.476329505443573
002790.npy,23.252363204956055,0.46973687410354614
002791.npy,22.89645767211914,0.45958390831947327
002792.npy,30.22197723388672,0.8728022575378418
002793.npy,34.02470397949219,0.8951678276062012
002794.npy,34.857139587402344,0.9096977114677429
002795.npy,34.98726272583008,0.9060184955596924
002796.npy,26.573999404907227,0.8694755434989929
002797.npy,29.385112762451172,0.5565378665924072
002798.npy,29.398290634155273,0.5529588460922241
002799.npy,29.075950622558594,0.5347608923912048
002800.npy,21.94530487060547,0.6966476440429688
002801.npy,28.010757446289062,0.6497130393981934
002802.npy,28.05967140197754,0.6455789804458618
002803.npy,27.208349227905273,0.6158215999603271
002804.npy,27.607868194580078,0.7528117299079895
002805.npy,27.352062225341797,0.4482162594795227
002806.npy,25.23284149169922,0.3565606474876404
002807.npy,26.671268463134766,0.420759916305542
002808.npy,24.41533088684082,0.7579953670501709
002809.npy,30.60013198852539,0.7092555165290833
002810.npy,30.403278350830078,0.7234560251235962
002811.npy,29.859146118164062,0.7237371206283569
002812.npy,30.55059051513672,0.8986584544181824
002813.npy,29.54745864868164,0.9128644466400146
002814.npy,30.532405853271484,0.9321918487548828
002815.npy,29.88851547241211,0.9270596504211426
002816.npy,30.352943420410156,0.866776704788208
002817.npy,30.745220184326172,0.7713003754615784
002818.npy,27.435726165771484,0.6551676392555237
002819.npy,31.396692276000977,0.7938600778579712
002820.npy,23.51898956298828,0.6305239796638489
002821.npy,26.3071346282959,0.6497406959533691
002822.npy,25.647459030151367,0.6319158673286438
002823.npy,25.584880828857422,0.646395206451416
002824.npy,25.429651260375977,0.7922900915145874
002825.npy,23.42308235168457,0.5853191018104553
002826.npy,23.36334228515625,0.5505871176719666
002827.npy,23.299449920654297,0.6381693482398987
002828.npy,37.036582946777344,0.9655545353889465
002829.npy,30.968515396118164,0.6510844230651855
002830.npy,30.621776580810547,0.6485742330551147
002831.npy,31.110557556152344,0.6538336277008057
002832.npy,27.887882232666016,0.7994855642318726
002833.npy,25.828716278076172,0.8555824160575867
002834.npy,24.583864212036133,0.8251779079437256
002835.npy,25.819990158081055,0.8556920886039734
002836.npy,32.93850326538086,0.9588810205459595
002837.npy,35.569183349609375,0.9449993371963501
002838.npy,36.63185501098633,0.9525376558303833
002839.npy,35.73478698730469,0.9495190382003784
002840.npy,26.693628311157227,0.7063182592391968
002841.npy,30.86101722717285,0.9106317758560181
002842.npy,31.111791610717773,0.91343092918396
002843.npy,29.545223236083984,0.8992736339569092
002844.npy,26.70008659362793,0.6117663383483887
002845.npy,28.983642578125,0.752047061920166
002846.npy,28.832576751708984,0.7483091950416565
002847.npy,30.89592742919922,0.7844310998916626
002848.npy,30.82418441772461,0.7604828476905823
002849.npy,36.208290100097656,0.9586554765701294
002850.npy,35.7559928894043,0.9569101333618164
002851.npy,35.185638427734375,0.9452914595603943
002852.npy,21.851825714111328,0.6220728158950806
002853.npy,21.655366897583008,0.7529892325401306
002854.npy,21.073009490966797,0.7303967475891113
002855.npy,21.40195655822754,0.7383240461349487
002856.npy,27.942399978637695,0.800155758857727
002857.npy,37.321868896484375,0.9075708389282227
002858.npy,36.80535888671875,0.9041926264762878
002859.npy,37.37356185913086,0.9017903208732605
002860.npy,27.173484802246094,0.7454597353935242
002861.npy,27.632911682128906,0.8248099088668823
002862.npy,27.563676834106445,0.8168048858642578
002863.npy,25.898542404174805,0.7965616583824158
002864.npy,27.693071365356445,0.8007436990737915
002865.npy,29.564180374145508,0.7975621223449707
002866.npy,29.50314712524414,0.7965813875198364
002867.npy,30.272180557250977,0.816281795501709
002868.npy,26.52175521850586,0.736924409866333
002869.npy,34.647056579589844,0.849733829498291
002870.npy,33.8135871887207,0.8208946585655212
002871.npy,33.52481460571289,0.815691351890564
002872.npy,32.950477600097656,0.8552060127258301
002873.npy,32.61698532104492,0.8453015089035034
002874.npy,34.13264465332031,0.8820536732673645
002875.npy,32.620792388916016,0.8708657026290894
002876.npy,27.509986877441406,0.447008341550827
002877.npy,26.35385513305664,0.8385293483734131
002878.npy,26.476486206054688,0.8343750238418579
002879.npy,26.674909591674805,0.8490937948226929
002880.npy,34.467281341552734,0.8699332475662231
002881.npy,30.676753997802734,0.8811243176460266
002882.npy,29.8355712890625,0.8575507402420044
002883.npy,30.27581787109375,0.8783447742462158
002884.npy,27.121639251708984,0.6829667091369629
002885.npy,26.36859130859375,0.7536942362785339
002886.npy,28.001535415649414,0.7766505479812622
002887.npy,28.05116844177246,0.7715042233467102
002888.npy,28.084766387939453,0.8277398347854614
002889.npy,30.537906646728516,0.8115808963775635
002890.npy,31.093364715576172,0.8224784135818481
002891.npy,30.395835876464844,0.8063575029373169
002892.npy,25.36516571044922,0.7181047201156616
002893.npy,32.763282775878906,0.7942906618118286
002894.npy,33.030696868896484,0.7991215586662292
002895.npy,33.547664642333984,0.8152966499328613
002896.npy,29.507808685302734,0.8352981805801392
002897.npy,23.389490127563477,0.6965588331222534
002898.npy,23.365371704101562,0.6953206062316895
002899.npy,22.880634307861328,0.6695509552955627
002900.npy,24.296207427978516,0.8194601535797119
002901.npy,23.139854431152344,0.9075559377670288
002902.npy,23.20166778564453,0.9164700508117676
002903.npy,22.943580627441406,0.9031895995140076
002904.npy,29.745697021484375,0.8413141965866089
002905.npy,28.055009841918945,0.875515341758728
002906.npy,28.943166732788086,0.8860974907875061
002907.npy,29.178619384765625,0.8878777027130127
002908.npy,23.533620834350586,0.7470777034759521
002909.npy,30.139970779418945,0.6940840482711792
002910.npy,29.777053833007812,0.6969550848007202
002911.npy,30.34372329711914,0.6984307765960693
002912.npy,26.598217010498047,0.9017754793167114
002913.npy,36.490333557128906,0.9004702568054199
002914.npy,39.246360778808594,0.9392622113227844
002915.npy,38.53046798706055,0.9528847336769104
002916.npy,27.83683967590332,0.7617298364639282
002917.npy,27.844240188598633,0.8126505613327026
002918.npy,28.176265716552734,0.8330962657928467
002919.npy,28.432056427001953,0.8173555135726929
002920.npy,19.950172424316406,0.7017145156860352
002921.npy,29.446964263916016,0.8044329285621643
002922.npy,29.379072189331055,0.7785423398017883
002923.npy,29.617034912109375,0.7801890969276428
002924.npy,25.84416389465332,0.5917537212371826
002925.npy,22.579368591308594,0.28709810972213745
002926.npy,22.154008865356445,0.2956986427307129
002927.npy,22.221248626708984,0.27856796979904175
002928.npy,22.389972686767578,0.7304348349571228
002929.npy,22.456628799438477,0.5647586584091187
002930.npy,22.171024322509766,0.5461074113845825
002931.npy,22.699729919433594,0.5596532821655273
002932.npy,29.07683563232422,0.8602076768875122
002933.npy,31.370981216430664,0.9102394580841064
002934.npy,31.57952117919922,0.9144833087921143
002935.npy,31.9063777923584,0.9178348779678345
002936.npy,32.69770431518555,0.9225935935974121
002937.npy,28.329160690307617,0.7195563316345215
002938.npy,28.097503662109375,0.7234697341918945
002939.npy,28.994300842285156,0.7434569597244263
002940.npy,21.977832794189453,0.7504875659942627
002941.npy,27.3073673248291,0.6355874538421631
002942.npy,27.058761596679688,0.6486954092979431
002943.npy,27.117767333984375,0.6371396780014038
002944.npy,23.482196807861328,0.6592791080474854
002945.npy,24.33935546875,0.705368161201477
002946.npy,24.37554168701172,0.7156407833099365
002947.npy,24.00177001953125,0.6971848011016846
002948.npy,25.552398681640625,0.8399376273155212
002949.npy,23.872783660888672,0.39248788356781006
002950.npy,24.71862030029297,0.4110432267189026
002951.npy,24.520797729492188,0.4083535671234131
002952.npy,26.534339904785156,0.8313584923744202
002953.npy,32.291358947753906,0.9462332725524902
002954.npy,30.89559555053711,0.9223843216896057
002955.npy,31.48879623413086,0.9382443428039551
002956.npy,24.234764099121094,0.6142475605010986
002957.npy,26.248180389404297,0.7078325748443604
002958.npy,27.24557876586914,0.7082401514053345
002959.npy,27.196733474731445,0.691696047782898
002960.npy,25.280954360961914,0.7646979689598083
002961.npy,35.56843566894531,0.9398207068443298
002962.npy,35.93143844604492,0.9436479210853577
002963.npy,32.854637145996094,0.9286099672317505
002964.npy,28.744152069091797,0.8851376175880432
002965.npy,30.236806869506836,0.8614902496337891
002966.npy,28.949201583862305,0.8554773330688477
002967.npy,29.07546043395996,0.8607980012893677
002968.npy,24.010122299194336,0.5736740827560425
002969.npy,34.45622634887695,0.9270827770233154
002970.npy,34.17368698120117,0.918508768081665
002971.npy,35.19302749633789,0.9299033284187317
002972.npy,34.376625061035156,0.920254111289978
002973.npy,11.407556533813477,0.33480629324913025
002974.npy,11.384339332580566,0.32939091324806213
002975.npy,11.38081169128418,0.3314914107322693
002976.npy,20.758033752441406,0.7053446769714355
002977.npy,28.83608627319336,0.724847137928009
002978.npy,28.745899200439453,0.7573692202568054
002979.npy,28.603321075439453,0.7275061011314392
002980.npy,25.910749435424805,0.638696551322937
002981.npy,11.392396926879883,0.32583269476890564
002982.npy,11.36545181274414,0.33036503195762634
002983.npy,11.424044609069824,0.33402061462402344
002984.npy,27.163362503051758,0.7836217880249023
002985.npy,26.674898147583008,0.463615357875824
002986.npy,27.00481605529785,0.4841980040073395
002987.npy,26.484424591064453,0.44860488176345825
002988.npy,27.683839797973633,0.6400728821754456
002989.npy,27.543121337890625,0.5931210517883301
002990.npy,27.57328987121582,0.6220346689224243
002991.npy,27.442508697509766,0.6126121282577515
002992.npy,21.204530715942383,0.8317676782608032
002993.npy,24.499483108520508,0.8032543063163757
002994.npy,23.873241424560547,0.7843780517578125
002995.npy,24.098915100097656,0.7888203859329224
002996.npy,29.082517623901367,0.8267402648925781
002997.npy,30.65633773803711,0.7812042236328125
002998.npy,30.526412963867188,0.7764977216720581
002999.npy,31.427574157714844,0.8016786575317383
003000.npy,25.83435821533203,0.8589287400245667
003001.npy,35.17036819458008,0.9291602373123169
003002.npy,36.05358123779297,0.9313526153564453
003003.npy,34.24723434448242,0.916883111000061
003004.npy,26.096755981445312,0.8109003305435181
003005.npy,24.879426956176758,0.8019015192985535
003006.npy,24.680198669433594,0.7985883951187134
003007.npy,24.65350914001465,0.8044590353965759
003008.npy,28.64312744140625,0.8502194881439209
003009.npy,26.250518798828125,0.544243335723877
003010.npy,26.3408260345459,0.5415210723876953
003011.npy,24.186975479125977,0.4538085460662842
003012.npy,22.93505859375,0.6190149784088135
003013.npy,38.20792770385742,0.9832417964935303
003014.npy,37.75944900512695,0.9795970916748047
003015.npy,38.066219329833984,0.9815650582313538
003016.npy,23.044443130493164,0.7691702842712402
003017.npy,28.108034133911133,0.4731001555919647
003018.npy,28.027912139892578,0.4739534854888916
003019.npy,28.047607421875,0.4772678017616272
003020.npy,28.098339080810547,0.8450437188148499
003021.npy,24.96460723876953,0.8198539018630981
003022.npy,25.182649612426758,0.8222347497940063
003023.npy,25.099803924560547,0.8319409489631653
003024.npy,31.367202758789062,0.6870782375335693
003025.npy,30.198610305786133,0.6635494232177734
003026.npy,30.272462844848633,0.663643479347229
003027.npy,29.484176635742188,0.6515939831733704
003028.npy,23.173791885375977,0.6269784569740295
003029.npy,24.546091079711914,0.7953557968139648
003030.npy,24.535673141479492,0.7989115715026855
003031.npy,24.49760627746582,0.7924044132232666
003032.npy,24.739376068115234,0.590057373046875
003033.npy,24.007827758789062,0.5801122188568115
003034.npy,24.29286766052246,0.5849791765213013
003035.npy,24.397117614746094,0.5776004791259766
003036.npy,19.09610939025879,0.6122194528579712
003037.npy,29.77312469482422,0.9225573539733887
003038.npy,28.86646270751953,0.9075418710708618
003039.npy,29.483919143676758,0.9186078906059265
003040.npy,28.6783504486084,0.8581321239471436
003041.npy,27.147090911865234,0.8735135793685913
003042.npy,26.77018928527832,0.8639265298843384
003043.npy,26.468387603759766,0.8729584813117981
003044.npy,21.100881576538086,0.2906641364097595
003045.npy,30.198896408081055,0.5909534692764282
003046.npy,31.664037704467773,0.7157391905784607
003047.npy,31.096162796020508,0.6538288593292236
003048.npy,29.487991333007812,0.8026273250579834
003049.npy,36.70713424682617,0.965453565120697
003050.npy,36.88165283203125,0.9625552892684937
003051.npy,37.3047981262207,0.9557572603225708
003052.npy,27.4998779296875,0.832587718963623
003053.npy,29.594858169555664,0.7927297949790955
003054.npy,29.789596557617188,0.7976893782615662
003055.npy,30.016475677490234,0.7973995208740234
003056.npy,24.076374053955078,0.7242258191108704
003057.npy,31.125110626220703,0.9021159410476685
003058.npy,29.927600860595703,0.8658271431922913
003059.npy,31.11450958251953,0.8961277604103088
003060.npy,21.798912048339844,0.7317745089530945
003061.npy,30.697246551513672,0.9125669002532959
003062.npy,31.069049835205078,0.915947675704956
003063.npy,32.34865951538086,0.9425898790359497
003064.npy,26.436447143554688,0.836878776550293
003065.npy,28.8767147064209,0.8663730025291443
003066.npy,27.02765655517578,0.8488375544548035
003067.npy,30.289592742919922,0.894158124923706
003068.npy,27.598098754882812,0.8606591820716858
003069.npy,22.128923416137695,0.24017667770385742
003070.npy,23.247314453125,0.26610517501831055
003071.npy,23.54290199279785,0.27841490507125854
003072.npy,25.967866897583008,0.8814295530319214
003073.npy,34.10426330566406,0.8942983746528625
003074.npy,35.67618942260742,0.9076083898544312
003075.npy,36.17407989501953,0.8994659781455994
003076.npy,26.464393615722656,0.8191894888877869
003077.npy,29.794151306152344,0.8674994707107544
003078.npy,29.88532829284668,0.8509308099746704
003079.npy,28.575550079345703,0.8442286252975464
003080.npy,30.5054874420166,0.9014083743095398
003081.npy,29.577041625976562,0.8268871307373047
003082.npy,28.663633346557617,0.7956615686416626
003083.npy,28.727445602416992,0.7884953618049622
003084.npy,22.037429809570312,0.7163458466529846
003085.npy,29.435842514038086,0.832599401473999
003086.npy,28.464252471923828,0.8291258811950684
003087.npy,27.161836624145508,0.8041447401046753
003088.npy,24.26945686340332,0.7519040107727051
003089.npy,26.92910385131836,0.8267747163772583
003090.npy,26.927011489868164,0.820853590965271
003091.npy,26.468902587890625,0.8123905658721924
003092.npy,28.3748836517334,0.7213397026062012
003093.npy,24.683834075927734,0.6858652830123901
003094.npy,25.319271087646484,0.7284954786300659
003095.npy,25.340383529663086,0.7295191287994385
003096.npy,24.9263916015625,0.7322815656661987
003097.npy,25.942848205566406,0.7502106428146362
003098.npy,25.618408203125,0.7559900283813477
003099.npy,26.25723648071289,0.751274824142456
003100.npy,24.647262573242188,0.785143256187439
003101.npy,22.47951889038086,0.6593253016471863
003102.npy,22.236488342285156,0.65639328956604
003103.npy,23.05293083190918,0.6690478920936584
003104.npy,36.57859802246094,0.9401406049728394
003105.npy,35.517059326171875,0.9475222826004028
003106.npy,37.890201568603516,0.9566329717636108
003107.npy,36.263336181640625,0.953276515007019
003108.npy,29.161354064941406,0.8219168782234192
003109.npy,29.913936614990234,0.8376599550247192
003110.npy,29.32612419128418,0.8241761922836304
003111.npy,29.5960693359375,0.8422526717185974
003112.npy,27.72431182861328,0.9015382528305054
003113.npy,25.530500411987305,0.8315684199333191
003114.npy,26.00916290283203,0.8412389159202576
003115.npy,26.2728328704834,0.8448567390441895
003116.npy,34.26540756225586,0.7924282550811768
003117.npy,41.109397888183594,0.9540890455245972
003118.npy,33.981903076171875,0.9443426728248596
003119.npy,40.89649200439453,0.969501256942749
003120.npy,36.95315170288086,0.9308967590332031
003121.npy,25.667213439941406,0.6817216873168945
003122.npy,26.067989349365234,0.6666949987411499
003123.npy,26.400842666625977,0.6888013482093811
003124.npy,35.48424530029297,0.9604175090789795
003125.npy,36.48795700073242,0.9228411316871643
003126.npy,36.51284408569336,0.9149541854858398
003127.npy,36.72146987915039,0.9169880151748657
003128.npy,24.659242630004883,0.7956265211105347
003129.npy,31.099483489990234,0.6666706800460815
003130.npy,30.481170654296875,0.6593689918518066
003131.npy,30.749340057373047,0.6866564750671387
003132.npy,23.346641540527344,0.684270441532135
003133.npy,29.94504165649414,0.8489894866943359
003134.npy,29.194538116455078,0.8487931489944458
003135.npy,30.19644546508789,0.857849657535553
003136.npy,23.374479293823242,0.7087293863296509
003137.npy,24.877635955810547,0.7504503130912781
003138.npy,24.520549774169922,0.7435407638549805
003139.npy,24.45244598388672,0.7555859088897705
003140.npy,27.369272232055664,0.8523340225219727
003141.npy,35.68241500854492,0.8492217063903809
003142.npy,36.816261291503906,0.876896858215332
003143.npy,35.96627426147461,0.8629903793334961
003144.npy,33.40700912475586,0.937481164932251
003145.npy,24.0250244140625,0.7306153774261475
003146.npy,24.18225860595703,0.7339341044425964
003147.npy,24.411649703979492,0.7428841590881348
003148.npy,30.04551887512207,0.8489196300506592
003149.npy,31.257160186767578,0.8695774674415588
003150.npy,31.903865814208984,0.8892635703086853
003151.npy,31.44304656982422,0.8824373483657837
003152.npy,26.205474853515625,0.8525581955909729
003153.npy,30.029022216796875,0.8970587253570557
003154.npy,30.00908851623535,0.8959327340126038
003155.npy,29.207136154174805,0.8743025660514832
003156.npy,22.805217742919922,0.6600266098976135
003157.npy,27.877452850341797,0.4563584625720978
003158.npy,27.890336990356445,0.46809083223342896
003159.npy,28.346406936645508,0.47232362627983093
003160.npy,27.05990982055664,0.8338370323181152
003161.npy,27.09528923034668,0.8484603762626648
003162.npy,23.77721405029297,0.7998954653739929
003163.npy,24.754152297973633,0.8087624311447144
003164.npy,24.684711456298828,0.8923832178115845
003165.npy,30.202491760253906,0.8907755613327026
003166.npy,29.057056427001953,0.8740036487579346
003167.npy,29.8162841796875,0.892173707485199
003168.npy,30.500335693359375,0.7615960836410522
003169.npy,32.36473846435547,0.801260232925415
003170.npy,31.101186752319336,0.7898273468017578
003171.npy,31.337005615234375,0.7960163354873657
003172.npy,30.570209503173828,0.8197618722915649
003173.npy,30.316768646240234,0.9228556156158447
003174.npy,29.731876373291016,0.9088208675384521
003175.npy,30.733661651611328,0.9231303930282593
003176.npy,26.811912536621094,0.7436327934265137
003177.npy,22.764379501342773,0.7199183702468872
003178.npy,22.660301208496094,0.7163118124008179
003179.npy,22.136878967285156,0.7155284881591797
003180.npy,35.18080139160156,0.9321451783180237
003181.npy,25.44462013244629,0.37936925888061523
003182.npy,25.528993606567383,0.3690987825393677
003183.npy,25.668752670288086,0.3618849217891693
003184.npy,22.733610153198242,0.7903475761413574
003185.npy,25.42462921142578,0.8304932713508606
003186.npy,25.53510284423828,0.8222636580467224
003187.npy,25.588064193725586,0.8210672736167908
003188.npy,33.73957824707031,0.8576961755752563
003189.npy,23.805156707763672,0.33742010593414307
003190.npy,23.2880802154541,0.3019709885120392
003191.npy,23.434749603271484,0.31873059272766113
003192.npy,33.132625579833984,0.9467512369155884
003193.npy,28.179161071777344,0.8933082222938538
003194.npy,27.611589431762695,0.8770706653594971
003195.npy,28.016429901123047,0.882017970085144
003196.npy,27.214126586914062,0.8311030864715576
003197.npy,26.517200469970703,0.8819692134857178
003198.npy,26.172855377197266,0.872799277305603
003199.npy,26.73607635498047,0.8801411390304565
